land_type_code,dryness_index,ndvi_p90,ndvi_p50,ndvi_p10,swir_b12,swir_b11,avg_frp,max_frp,activity_ratio,frp_trend,frp_early_avg,frp_early_max,frp_early_trend,persistence_days,dist_refinery_km,dist_power_km,dist_steel_km,dist_mining_km,dist_flare_km,dist_oilgas_km,nearest_industrial_code,persistence_class,persistence_days,behavior_class,behavior_cat,firetype_class,firetype_cat,lat,lon
60,0.586,0.04,0.032,0.024,-1,-1,3.49,3.49,0.1,0,3.49,3.49,0,1,100,100,100,100,100,100,-1,0,1,4,other,1,agricultural_burn,36.82,93.29
60,0.59,0.04,0.032,0.016,-1,-1,3.65,3.65,0.1,0,3.65,3.65,0,1,100,100,100,100,100,100,-1,0,1,4,other,1,agricultural_burn,36.83,93.29
10,0.367,0.824,0.68,0.536,0.216,0.116,4.89,4.89,0.1,0,4.89,4.89,0,1,100,100,100,100,100,100,-1,0,1,0,forest,3,wildfire,6.32,81.29
10,0.54,0.768,0.608,0.416,0.272,0.16,58.22,58.22,0.1,0,58.22,58.22,0,1,100,100,100,100,100,100,-1,0,1,0,forest,3,wildfire,6.34,81.03
40,0.386,0.8,0.592,0.408,0.184,0.1,3.05,3.05,0.1,0,3.05,3.05,0,1,100,100,100,100,100,100,-1,0,1,3,crop,1,agricultural_burn,6.35,80.95
30,-1,-1,-1,-1,-1,-1,3.97,3.97,0.1,0,3.97,3.97,0,1,100,100,100,100,100,100,-1,0,1,1,grassland,3,wildfire,6.56,81.01
40,0.384,0.8,0.712,0.544,0.228,0.12,4.98,4.98,0.1,0,4.98,4.98,0,1,100,100,100,100,100,100,-1,0,1,3,crop,1,agricultural_burn,6.7,81.32
10,0.511,0.72,0.584,0.44,0.264,0.156,2.87,2.87,0.1,0,2.87,2.87,0,1,100,100,100,100,100,100,-1,0,1,0,forest,3,wildfire,6.71,81.5
40,0.444,0.8,0.584,0.36,0.2,0.108,7.27,7.27,0.1,0,7.27,7.27,0,1,100,100,100,100,100,100,-1,0,1,3,crop,1,agricultural_burn,6.74,81.29
40,0.485,0.76,0.648,0.4,0.236,0.132,2.55,2.55,0.1,0,2.55,2.55,0,1,100,100,100,100,100,100,-1,0,1,3,crop,1,agricultural_burn,6.75,81.39
10,0.406,0.768,0.688,0.52,0.232,0.124,7.54,7.54,0.1,0,7.54,7.54,0,1,100,100,100,100,100,100,-1,0,1,0,forest,3,wildfire,6.76,81.36
30,0.49,0.744,0.48,0.32,0.212,0.128,5.82,5.82,0.1,0,5.82,5.82,0,1,100,100,100,100,100,100,-1,0,1,1,grassland,3,wildfire,6.84,81.79
30,0.49,0.776,0.608,0.344,0.22,0.12,4.81,4.81,0.1,0,4.81,4.81,0,1,100,100,100,100,100,100,-1,0,1,1,grassland,3,wildfire,6.86,81.74
40,0.466,0.752,0.56,0.36,0.212,0.124,5.94,5.94,0.1,0,5.94,5.94,0,1,100,100,100,100,100,100,-1,0,1,3,crop,1,agricultural_burn,6.87,81.73
10,0.262,0.824,0.768,0.664,0.2,0.104,4.48,4.48,0.1,0,4.48,4.48,0,1,100,100,100,100,100,100,-1,0,1,0,forest,3,wildfire,6.89,81.06
30,0.497,0.728,0.632,0.392,0.24,0.132,7.29,7.29,0.1,0,7.29,7.29,0,1,100,100,100,100,100,100,-1,0,1,1,grassland,3,wildfire,6.97,81.6
30,0.264,0.792,0.744,0.624,0.188,0.096,4.4,4.4,0.1,0,4.4,4.4,0,1,100,100,100,100,100,100,-1,0,1,1,grassland,3,wildfire,7.01,81.19
30,0.715,0.728,0.424,0.208,0.3,0.188,4.88,4.88,0.1,0,4.88,4.88,0,1,100,100,100,100,100,100,-1,0,1,1,grassland,3,wildfire,7.04,81.79
40,0.257,0.84,0.784,0.648,0.192,0.092,5.9,5.9,0.1,0,5.9,5.9,0,1,100,100,100,100,100,100,-1,0,1,3,crop,1,agricultural_burn,7.08,81.52
40,0.456,0.792,0.608,0.376,0.212,0.116,4.74,4.74,0.1,0,4.74,4.74,0,1,100,100,100,100,100,100,-1,0,1,3,crop,1,agricultural_burn,7.12,81.67
10,0.293,0.824,0.744,0.6,0.196,0.096,12.85,12.85,0.1,0,12.85,12.85,0,1,100,100,100,100,100,100,-1,0,1,0,forest,3,wildfire,7.15,81.14
10,0.506,0.736,0.6,0.328,0.224,0.124,4.81,4.81,0.1,0,4.81,4.81,0,1,100,100,100,100,100,100,-1,0,1,0,forest,3,wildfire,7.23,81.72
10,0.49,0.752,0.632,0.368,0.228,0.128,1.66,1.66,0.1,0,1.66,1.66,0,1,100,100,100,100,100,100,-1,0,1,0,forest,3,wildfire,7.27,81.67
10,0.334,0.816,0.72,0.592,0.216,0.112,2.86,2.86,0.1,0,2.86,2.86,0,1,100,100,100,100,100,100,-1,0,1,0,forest,3,wildfire,7.27,81.2
10,0.362,0.784,0.704,0.568,0.224,0.12,2.73,2.73,0.1,0,2.73,2.73,0,1,100,100,100,100,100,100,-1,0,1,0,forest,3,wildfire,7.28,81.2
30,0.559,0.768,0.328,0.12,0.184,0.108,8.94,8.94,0.1,0,8.94,8.94,0,1,100,100,100,100,100,100,-1,0,1,1,grassland,3,wildfire,7.29,81.79
40,0.569,0.768,0.288,0.08,0.176,0.116,3.09,3.09,0.1,0,3.09,3.09,0,1,100,100,100,100,100,100,-1,0,1,3,crop,1,agricultural_burn,7.3,81.81
40,0.569,0.768,0.272,0.104,0.184,0.124,2.98,2.98,0.1,0,2.98,2.98,0,1,100,100,100,100,100,100,-1,0,1,3,crop,1,agricultural_burn,7.3,81.82
30,0.432,0.768,0.648,0.464,0.228,0.132,9,9,0.1,0,9,9,0,1,100,100,100,100,100,100,-1,0,1,1,grassland,3,wildfire,7.3,81.11
10,0.406,0.784,0.672,0.496,0.224,0.124,5.35,5.35,0.1,0,5.35,5.35,0,1,100,100,100,100,100,100,-1,0,1,0,forest,3,wildfire,7.3,81.12
40,0.54,0.752,0.272,0.104,0.168,0.108,6.88,6.88,0.1,0,6.88,6.88,0,1,100,100,100,100,100,100,-1,0,1,3,crop,1,agricultural_burn,7.3,81.78
30,0.408,0.784,0.672,0.504,0.228,0.128,2.59,2.59,0.1,0,2.59,2.59,0,1,100,100,100,100,100,100,-1,0,1,1,grassland,3,wildfire,7.31,81.12
40,0.557,0.8,0.272,0.088,0.172,0.116,3.08,3.08,0.1,0,3.08,3.08,0,1,100,100,100,100,100,100,-1,0,1,3,crop,1,agricultural_burn,7.31,81.83
40,0.545,0.76,0.256,0.072,0.16,0.1,3.22,3.22,0.1,0,3.22,3.22,0,1,100,100,100,100,100,100,-1,0,1,3,crop,1,agricultural_burn,7.31,81.78
40,0.586,0.8,0.24,0.088,0.188,0.124,2.93,2.93,0.1,0,2.93,2.93,0,1,100,100,100,100,100,100,-1,0,1,3,crop,1,agricultural_burn,7.31,81.85
40,0.545,0.76,0.232,0.072,0.16,0.1,2.83,2.83,0.1,0,2.83,2.83,0,1,100,100,100,100,100,100,-1,0,1,3,crop,1,agricultural_burn,7.33,81.82
40,0.509,0.784,0.232,0.072,0.14,0.08,4.59,4.59,0.1,0,4.59,4.59,0,1,100,100,100,100,100,100,-1,0,1,3,crop,1,agricultural_burn,7.34,81.83
40,0.514,0.776,0.232,0.088,0.148,0.088,5.93,5.93,0.1,0,5.93,5.93,0,1,100,100,100,100,100,100,-1,0,1,3,crop,1,agricultural_burn,7.35,81.83
30,0.266,0.832,0.76,0.68,0.208,0.1,8.97,8.97,0.1,0,8.97,8.97,0,1,100,100,100,100,100,100,-1,0,1,1,grassland,3,wildfire,7.35,81.4
40,0.444,0.776,0.512,0.288,0.176,0.1,4.1,4.1,0.1,0,4.1,4.1,0,1,100,100,100,100,100,100,-1,0,1,3,crop,1,agricultural_burn,7.38,81.71
10,0.394,0.784,0.712,0.552,0.236,0.124,3.92,3.92,0.1,0,3.92,3.92,0,1,100,100,100,100,100,100,-1,0,1,0,forest,3,wildfire,7.42,81.16
10,0.355,0.776,0.704,0.592,0.228,0.124,3.36,3.36,0.1,0,3.36,3.36,0,1,100,100,100,100,100,100,-1,0,1,0,forest,3,wildfire,7.44,81.33
40,0.569,0.736,0.352,0.2,0.216,0.136,3.46,3.46,0.1,0,3.46,3.46,0,1,100,100,100,100,100,100,-1,0,1,3,crop,1,agricultural_burn,7.44,81.69
40,0.559,0.736,0.368,0.216,0.216,0.136,2.18,2.18,0.1,0,2.18,2.18,0,1,100,100,100,100,100,100,-1,0,1,3,crop,1,agricultural_burn,7.45,81.69
10,0.266,0.84,0.776,0.632,0.192,0.084,6.86,6.86,0.1,0,6.86,6.86,0,1,100,100,100,100,100,100,-1,0,1,0,forest,3,wildfire,7.52,81.15
40,0.598,0.712,0.384,0.224,0.24,0.156,3.54,3.54,0.1,0,3.54,3.54,0,1,100,100,100,100,100,100,-1,0,1,3,crop,1,agricultural_burn,7.55,81.66
30,0.641,0.672,0.36,0.224,0.264,0.172,4.82,4.82,0.1,0,4.82,4.82,0,1,100,100,100,100,100,100,-1,0,1,1,grassland,3,wildfire,7.56,81.71
30,0.67,0.704,0.52,0.368,0.328,0.204,10.14,10.14,0.1,0,10.14,10.14,0,1,100,100,100,100,100,100,-1,0,1,1,grassland,3,wildfire,7.73,81.25
40,0.641,0.704,0.472,0.296,0.288,0.184,8.05,8.05,0.1,0,8.05,8.05,0,1,100,100,100,100,100,100,-1,0,1,3,crop,1,agricultural_burn,7.81,81.38
10,0.353,0.8,0.672,0.512,0.2,0.104,1.87,1.87,0.1,0,1.87,1.87,0,1,100,100,100,100,100,100,-1,0,1,0,forest,3,wildfire,7.81,81.05
40,0.612,0.72,0.528,0.368,0.296,0.192,9.48,9.48,0.1,0,9.48,9.48,0,1,100,100,100,100,100,100,-1,0,1,3,crop,1,agricultural_burn,7.81,81.39
30,0.703,0.696,0.464,0.328,0.368,0.252,15.46,15.46,0.1,0,15.46,15.46,0,1,100,100,100,100,100,100,-1,0,1,1,grassland,3,wildfire,7.87,81.39
30,0.456,0.76,0.648,0.52,0.26,0.148,4,4,0.1,0,4,4,0,1,100,100,100,100,100,100,-1,0,1,1,grassland,3,wildfire,7.88,81.35
40,0.593,0.776,0.344,0.16,0.216,0.144,4.91,4.91,0.1,0,4.91,4.91,0,1,100,100,100,100,100,100,-1,0,1,3,crop,1,agricultural_burn,7.9,81.48
40,0.595,0.768,0.432,0.24,0.244,0.16,3.81,3.81,0.1,0,3.81,3.81,0,1,100,100,100,100,100,100,-1,0,1,3,crop,1,agricultural_burn,7.91,81.42
40,0.722,0.672,0.344,0.184,0.296,0.204,12.99,12.99,0.1,0,12.99,12.99,0,1,100,100,100,100,100,100,-1,0,1,3,crop,1,agricultural_burn,7.92,81.47
40,0.53,0.776,0.472,0.216,0.2,0.116,3.23,3.23,0.1,0,3.23,3.23,0,1,100,100,100,100,100,100,-1,0,1,3,crop,1,agricultural_burn,7.94,81.33
40,0.542,0.752,0.488,0.232,0.212,0.124,3.18,3.18,0.1,0,3.18,3.18,0,1,100,100,100,100,100,100,-1,0,1,3,crop,1,agricultural_burn,7.94,81.37
10,0.427,0.776,0.672,0.496,0.236,0.128,26.84,26.84,0.1,0,26.84,26.84,0,1,100,100,100,100,100,100,6,0,1,0,forest,3,wildfire,8.08,80.77
30,0.42,0.792,0.656,0.496,0.232,0.128,19.91,19.91,0.1,0,19.91,19.91,0,1,100,100,100,100,100,100,6,0,1,1,grassland,3,wildfire,8.08,80.78
40,0.401,0.768,0.6,0.432,0.2,0.112,5.23,5.23,0.1,0,5.23,5.23,0,1,100,32.78,100,34.13,100,100,6,0,1,3,crop,1,agricultural_burn,8.13,80.62
10,0.25,0.808,0.672,0.584,-1,-1,6.02,6.02,0.1,0,6.02,6.02,0,1,100,100,100,100,100,100,-1,0,1,0,forest,3,wildfire,8.13,81.34
10,0.295,0.856,0.744,0.632,0.208,0.1,7.59,7.59,0.1,0,7.59,7.59,0,1,100,100,100,100,100,100,-1,0,1,0,forest,3,wildfire,8.26,81.34
10,0.458,0.76,0.528,0.336,0.2,0.116,3.33,3.33,0.1,0,3.33,3.33,0,1,100,33.49,100,40.84,100,100,6,0,1,0,forest,3,wildfire,8.36,80.64
10,0.326,0.8,0.68,0.52,0.188,0.096,1.53,1.53,0.1,0,1.53,1.53,0,1,100,38.33,100,35.57,100,100,6,0,1,0,forest,3,wildfire,8.44,80.65
40,0.538,0.68,0.456,0.264,0.22,0.132,2.73,2.73,0.1,0,2.73,2.73,0,1,100,1.34,100,7.53,100,100,1,0,1,3,crop,0,industrial_fire,8.44,77.65
30,0.528,0.752,0.552,0.352,0.244,0.152,14.91,14.91,0.1,0,14.91,14.91,0,1,100,30.8,100,29.53,100,100,6,0,1,1,grassland,3,wildfire,8.47,80.17
10,0.42,0.784,0.632,0.448,0.216,0.124,25.09,25.09,0.1,0,25.09,25.09,0,1,100,43.51,100,35.89,100,100,6,0,1,0,forest,3,wildfire,8.48,80.68
40,0.492,0.76,0.544,0.352,0.224,0.132,1.27,1.27,0.1,0,1.27,1.27,0,1,100,100,100,100,100,100,-1,0,1,3,crop,1,agricultural_burn,8.54,80.85
30,0.444,0.752,0.576,0.384,0.208,0.116,11.3,11.3,0.1,0,11.3,11.3,0,1,100,46.01,100,26.94,100,100,3,0,1,1,grassland,3,wildfire,8.57,80.63
40,0.478,0.8,0.576,0.424,0.24,0.144,1.12,1.12,0.1,0,1.12,1.12,0,1,100,100,100,40.7,100,100,3,0,1,3,crop,1,agricultural_burn,8.58,80.76
10,0.475,0.784,0.56,0.392,0.228,0.136,2.07,2.07,0.1,0,2.07,2.07,0,1,100,100,100,41.79,100,100,3,0,1,0,forest,3,wildfire,8.58,80.77
10,0.377,0.824,0.648,0.472,0.2,0.112,5.91,5.91,0.1,0,5.91,5.91,0,1,100,100,100,45.73,100,100,3,0,1,0,forest,3,wildfire,8.63,80.81
10,0.401,0.784,0.632,0.456,0.208,0.116,6.72,6.72,0.1,0,6.72,6.72,0,1,100,48.54,100,15.18,100,100,3,0,1,0,forest,3,wildfire,8.66,80.53
40,0.482,0.792,0.552,0.344,0.216,0.124,7.33,7.33,0.1,0,7.33,7.33,0,1,100,48.94,100,7.63,100,100,3,0,1,3,crop,1,agricultural_burn,8.7,80.37
10,0.298,0.808,0.736,0.568,0.188,0.092,9.54,9.54,0.1,0,9.54,9.54,0,1,100,48.16,100,15.01,100,100,3,0,1,0,forest,3,wildfire,8.77,80.38
10,0.223,0.808,0.76,0.632,0.168,0.08,9.54,9.54,0.1,0,9.54,9.54,0,1,100,47.88,100,16.12,100,100,3,0,1,0,forest,3,wildfire,8.78,80.38
30,0.526,0.752,0.488,0.344,0.24,0.144,7.33,7.33,0.1,0,7.33,7.33,0,1,100,100,100,100,100,100,-1,0,1,1,grassland,3,wildfire,8.91,80.93
10,0.262,0.768,0.712,0.568,0.168,0.088,5.63,5.63,0.1,0,5.63,5.63,0,1,100,43.26,100,21.32,100,100,3,0,1,0,forest,3,wildfire,9.16,80.35
40,0.554,0.672,0.392,0.224,0.216,0.14,5.55,5.55,0.1,0,5.55,5.55,0,1,100,3.26,100,2.72,100,100,3,0,1,3,crop,0,industrial_fire,9.91,78.2
80,0.506,0.464,0.32,0.184,0.176,0.112,10.56,10.56,0.1,0,10.56,10.56,0,1,100,4.65,100,22.88,100,100,1,0,1,4,other,,unknown,10.9,78.53
40,0.521,0.584,0.344,0.208,0.192,0.128,19.65,19.65,0.1,0,19.65,19.65,0,1,100,5.94,100,24.43,100,100,1,0,1,3,crop,1,agricultural_burn,10.91,78.54
30,0.576,0.672,0.448,0.248,0.236,0.148,3.51,3.51,0.1,0,3.51,3.51,0,1,100,4.28,100,18.33,100,100,1,0,1,1,grassland,3,wildfire,12.66,79.68
20,0.734,0.448,0.312,0.2,0.308,0.224,3.87,3.87,0.1,0,3.87,3.87,0,1,100,5.68,100,23.82,100,100,1,0,1,2,shrubland,3,wildfire,15.13,77.57
20,0.814,0.472,0.264,0.144,0.348,0.272,7.16,7.16,0.1,0,7.16,7.16,0,1,100,4.32,100,19.83,100,100,1,0,1,2,shrubland,3,wildfire,15.18,77.63
40,0.456,0.576,0.4,0.232,0.164,0.112,4.53,4.53,0.1,0,4.53,4.53,0,1,100,4.99,100,10.09,100,100,1,0,1,3,crop,1,agricultural_burn,18.71,74.36
50,0.533,0.264,0.12,0.056,0.148,0.116,6.9,6.9,0.1,0,6.9,6.9,0,1,100,0.48,100,9.17,100,100,1,0,1,4,other,0,industrial_fire,21.18,81.39
10,0.542,0.496,0.312,0.112,0.172,0.116,8.98,8.98,0.1,0,8.98,8.98,0,1,100,5.93,100,0.9,100,100,3,0,1,0,forest,2,mining_activity,23.68,86.4
50,0.533,0.272,0.136,0.032,0.14,0.116,7.89,7.89,0.1,0,7.89,7.89,0,1,100,0.83,100,2.46,100,100,6,0,1,4,other,0,industrial_fire,23.68,86.09
10,0.552,0.512,0.312,0.12,0.18,0.12,4.46,4.46,0.1,0,4.46,4.46,0,1,100,6.91,100,0.78,100,100,3,0,1,0,forest,2,mining_activity,23.68,86.39
60,0.538,0.56,0.328,0.12,0.172,0.116,4.46,4.46,0.1,0,4.46,4.46,0,1,100,7.69,100,0.48,100,100,3,0,1,4,other,2,mining_activity,23.69,86.39
30,0.605,0.248,0.12,0.032,0.18,0.144,6.75,6.75,0.1,0,6.75,6.75,0,1,100,7.11,100,1.22,100,100,3,0,1,1,grassland,2,mining_activity,23.74,86.43
60,0.588,0.4,0.168,0.048,0.176,0.14,2.2,2.2,0.1,0,2.2,2.2,0,1,100,6.26,100,1.34,100,100,3,0,1,4,other,2,mining_activity,23.78,86.21
60,0.593,0.616,0.328,0.112,0.2,0.148,6.75,6.75,0.1,0,6.75,6.75,0,1,1.2,0.47,100,100,100,100,1,0,1,4,other,0,industrial_fire,29.46,76.86
40,0.574,0.752,0.448,0.144,0.2,0.132,7.84,7.84,0.1,0,7.84,7.84,0,1,100,9.48,100,100,100,100,1,0,1,3,crop,1,agricultural_burn,30.39,73.78
80,0.55,0.736,0.376,0.112,0.176,0.112,6.34,6.34,0.1,0,6.34,6.34,0,1,100,18.95,100,100,100,100,6,0,1,4,other,,unknown,30.39,73.87
40,0.566,0.792,0.432,0.12,0.188,0.12,4.72,4.72,0.1,0,4.72,4.72,0,1,100,17.95,100,100,100,100,6,0,1,3,crop,1,agricultural_burn,30.4,73.88
40,0.562,0.792,0.408,0.104,0.18,0.116,17.96,17.96,0.1,0,17.96,17.96,0,1,100,18.1,100,100,100,100,6,0,1,3,crop,1,agricultural_burn,30.4,73.89
60,0.862,0.176,0.088,0.064,0.356,0.336,2.42,2.42,0.1,0,2.42,2.42,0,1,100,100,100,100,100,100,-1,0,1,4,other,1,agricultural_burn,26.66,68.42
40,0.559,0.696,0.408,0.168,0.2,0.136,12.86,12.86,0.1,0,12.86,12.86,0,1,100,25.02,100,100,100,100,1,0,1,3,crop,1,agricultural_burn,30.49,71.85
60,0.59,0.048,0.032,0.016,-1,-1,1.33,1.33,0.1,0,1.33,1.33,0,1,100,100,100,100,100,100,-1,0,1,4,other,1,agricultural_burn,35.99,94.83
10,0.259,0.736,0.64,0.44,0.124,0.076,0.62,0.62,0.1,0,0.62,0.62,0,1,100,2.89,100,100,100,100,1,0,1,0,forest,0,industrial_fire,33.29,75.73
80,0.386,-0.072,-0.144,-0.216,0.048,0.04,2.69,2.69,0.1,0,2.69,2.69,0,1,2.7,0.97,100,45.66,100,42.24,6,0,1,4,other,0,industrial_fire,22.05,88.13
40,0.49,0.752,0.552,0.248,0.188,0.108,1.01,1.01,0.1,0,1.01,1.01,0,1,100,2.7,100,32.29,100,100,6,0,1,3,crop,0,industrial_fire,22.37,87.02
50,0.545,0.528,0.328,0.072,0.16,0.112,2.37,2.37,0.1,0,2.37,2.37,0,1,100,1.88,100,3.61,100,100,6,0,1,4,other,0,industrial_fire,23.69,87.13
10,0.523,0.56,0.256,0.096,0.156,0.112,2.35,2.35,0.1,0,2.35,2.35,0,1,100,0.97,100,4.56,100,100,6,0,1,0,forest,0,industrial_fire,23.7,87.12
10,0.6,0.304,0.144,0.04,0.18,0.136,1.32,1.32,0.1,0,1.32,1.32,0,1,100,8.15,100,1.28,100,100,3,0,1,0,forest,2,mining_activity,23.74,86.44
60,0.59,0.272,0.144,0.056,0.18,0.148,1.82,1.82,0.1,0,1.82,1.82,0,1,100,5.93,100,1.88,100,100,3,0,1,4,other,2,mining_activity,23.75,86.42
10,0.576,0.52,0.304,0.08,0.18,0.128,2.74,2.74,0.1,0,2.74,2.74,0,1,100,3.9,100,1.95,100,100,6,0,1,0,forest,0,industrial_fire,23.75,86.4
50,0.6,0.312,0.16,0.04,0.18,0.144,1.89,1.89,0.1,0,1.89,1.89,0,1,100,4.94,100,1.54,100,100,3,0,1,4,other,2,mining_activity,23.76,86.41
60,0.614,0.568,0.296,0.16,0.228,0.16,2.03,2.03,0.1,0,2.03,2.03,0,1,100,1.84,100,0.71,100,100,3,0,1,4,other,0,industrial_fire,24.12,86.86
10,0.583,0.6,0.312,0.176,0.216,0.156,1.56,1.56,0.1,0,1.56,1.56,0,1,100,1.02,100,0.67,100,100,3,0,1,0,forest,0,industrial_fire,24.12,86.87
60,0.677,0.592,0.32,0.152,0.26,0.192,1.07,1.07,0.1,0,1.07,1.07,0,1,17.74,0.48,100,2.81,100,100,1,0,1,4,other,0,industrial_fire,24.66,74.64
50,0.662,0.568,0.304,0.152,0.252,0.188,1.07,1.07,0.1,0,1.07,1.07,0,1,17.73,0.49,100,1.86,100,100,1,0,1,4,other,0,industrial_fire,24.66,74.63
10,0.442,0.752,0.584,0.376,0.204,0.116,0.28,0.28,0.1,0,0.28,0.28,0,1,3.36,7.58,100,6.13,100,100,6,0,1,0,forest,0,industrial_fire,27.32,95.27
10,0.502,0.736,0.512,0.336,0.224,0.136,0.65,0.65,0.1,0,0.65,0.65,0,1,4.18,8.55,100,6.87,100,100,6,0,1,0,forest,0,industrial_fire,27.32,95.28
40,0.437,0.752,0.6,0.384,0.204,0.12,0.49,0.49,0.1,0,0.49,0.49,0,1,5.57,9.14,100,11.2,100,100,6,0,1,3,crop,0,industrial_fire,27.38,95.09
40,0.6,0.592,0.32,0.136,0.212,0.156,2.26,2.26,0.1,0,2.26,2.26,0,1,100,3.22,100,22.17,100,100,6,0,1,3,crop,0,industrial_fire,28.84,77.14
10,0.326,0.816,0.736,0.568,0.204,0.1,2.6,2.6,0.1,0,2.6,2.6,0,1,100,14.82,100,12.17,100,100,6,0,1,0,forest,3,wildfire,10.07,77.26
10,0.319,0.816,0.76,0.568,0.2,0.096,2.32,2.32,0.1,0,2.32,2.32,0,1,100,14.41,100,12.7,100,100,6,0,1,0,forest,3,wildfire,10.07,77.25
10,0.326,0.8,0.736,0.592,0.212,0.108,2.6,2.6,0.1,0,2.6,2.6,0,1,100,15.22,100,12.54,100,100,6,0,1,0,forest,3,wildfire,10.08,77.26
50,0.48,0.712,0.512,0.336,0.212,0.136,3.34,3.34,0.1,0,3.34,3.34,0,1,100,0.61,100,19.49,100,100,1,0,1,4,other,0,industrial_fire,10.89,78.49
10,0.365,0.784,0.664,0.504,0.204,0.112,2.21,2.21,0.1,0,2.21,2.21,0,1,100,100,100,100,100,100,-1,0,1,0,forest,3,wildfire,6.74,81.2
30,0.305,0.824,0.76,0.64,0.216,0.108,0.91,0.91,0.1,0,0.91,0.91,0,1,100,100,100,100,100,100,-1,0,1,1,grassland,3,wildfire,6.79,81.04
20,0.526,0.752,0.592,0.344,0.24,0.136,0.6,0.6,0.1,0,0.6,0.6,0,1,100,100,100,100,100,100,-1,0,1,2,shrubland,3,wildfire,6.86,81.55
10,0.235,0.856,0.808,0.672,0.188,0.088,1.27,1.27,0.1,0,1.27,1.27,0,1,100,100,100,100,100,100,-1,0,1,0,forest,3,wildfire,7.06,81
30,0.521,0.704,0.584,0.352,0.24,0.136,3.94,3.94,0.1,0,3.94,3.94,0,1,100,100,100,100,100,100,-1,0,1,1,grassland,3,wildfire,7.17,81.72
10,0.583,0.704,0.528,0.272,0.248,0.148,1.42,1.42,0.1,0,1.42,1.42,0,1,100,100,100,100,100,100,-1,0,1,0,forest,3,wildfire,7.18,81.74
10,0.23,0.832,0.784,0.68,0.188,0.084,1.78,1.78,0.1,0,1.78,1.78,0,1,100,100,100,100,100,100,-1,0,1,0,forest,3,wildfire,7.28,81.28
10,0.314,0.832,0.784,0.576,0.2,0.1,0.82,0.82,0.1,0,0.82,0.82,0,1,100,100,100,100,100,100,-1,0,1,0,forest,3,wildfire,7.43,80.92
10,0.446,0.76,0.608,0.416,0.22,0.12,0.49,0.49,0.1,0,0.49,0.49,0,1,100,100,100,100,100,100,-1,0,1,0,forest,3,wildfire,7.91,81.14
10,0.427,0.752,0.56,0.376,0.196,0.112,0.66,0.66,0.1,0,0.66,0.66,0,1,100,8.02,100,22.94,100,100,6,0,1,0,forest,3,wildfire,8.31,80.3
40,0.547,0.792,0.36,0.176,0.196,0.112,0.84,0.84,0.1,0,0.84,0.84,0,1,100,100,100,100,100,100,-1,0,1,3,crop,1,agricultural_burn,8.39,81.06
40,0.713,0.304,0.192,0.128,0.272,0.24,0.97,0.97,0.1,0,0.97,0.97,0,1,100,45.69,100,100,100,100,1,0,1,3,crop,1,agricultural_burn,33.54,71.55
40,0.727,0.296,0.192,0.104,0.272,0.24,0.77,0.77,0.1,0,0.77,0.77,0,1,100,0.76,100,34,100,100,6,0,1,3,crop,0,industrial_fire,33.8,72.1
50,0.703,0.528,0.256,0.12,0.264,0.216,0.66,0.66,0.1,0,0.66,0.66,0,1,23.98,0.2,100,13.18,100,100,6,0,1,4,other,0,industrial_fire,33.83,72.83
10,0.425,0.792,0.68,0.512,0.24,0.132,5.51,5.51,0.1,0,5.51,5.51,0,1,100,100,100,100,100,100,-1,0,1,0,forest,3,wildfire,6.47,81.11
30,0.384,0.784,0.688,0.52,0.22,0.116,4.92,4.92,0.1,0,4.92,4.92,0,1,100,100,100,100,100,100,-1,0,1,1,grassland,3,wildfire,6.75,81.36
40,0.49,0.808,0.552,0.272,0.196,0.108,9.2,9.2,0.1,0,9.2,9.2,0,1,100,100,100,100,100,100,-1,0,1,3,crop,1,agricultural_burn,6.8,81.55
30,0.442,0.792,0.608,0.4,0.212,0.116,7.19,7.19,0.1,0,7.19,7.19,0,1,100,100,100,100,100,100,-1,0,1,1,grassland,3,wildfire,6.8,81.56
10,0.269,0.832,0.784,0.664,0.204,0.1,3.3,3.3,0.1,0,3.3,3.3,0,1,100,100,100,100,100,100,-1,0,1,0,forest,3,wildfire,7,81.47
10,0.223,0.848,0.8,0.704,0.192,0.088,3.79,5.28,0.2,2.98,3.79,5.28,2.98,2,100,100,100,100,100,100,-1,1,2,0,forest,3,wildfire,7.1,81.07
10,0.559,0.744,0.328,0.168,0.2,0.128,2.04,2.04,0.1,0,2.04,2.04,0,1,100,100,100,100,100,100,-1,0,1,0,forest,3,wildfire,7.15,81.75
40,0.566,0.752,0.264,0.12,0.188,0.128,3.19,3.19,0.1,0,3.19,3.19,0,1,100,100,100,100,100,100,-1,0,1,3,crop,1,agricultural_burn,7.16,81.75
40,0.559,0.768,0.296,0.12,0.184,0.12,2.59,2.59,0.1,0,2.59,2.59,0,1,100,100,100,100,100,100,-1,0,1,3,crop,1,agricultural_burn,7.16,81.79
40,0.526,0.752,0.248,0.104,0.16,0.104,4.3,4.3,0.1,0,4.3,4.3,0,1,100,100,100,100,100,100,-1,0,1,3,crop,1,agricultural_burn,7.28,81.83
40,0.533,0.784,0.256,0.08,0.156,0.1,6.93,6.93,0.1,0,6.93,6.93,0,1,100,100,100,100,100,100,-1,0,1,3,crop,1,agricultural_burn,7.29,81.84
40,0.586,0.784,0.288,0.112,0.196,0.124,5.42,5.42,0.1,0,5.42,5.42,0,1,100,100,100,100,100,100,-1,0,1,3,crop,1,agricultural_burn,7.3,81.85
40,0.53,0.784,0.256,0.072,0.152,0.096,6.33,6.33,0.1,0,6.33,6.33,0,1,100,100,100,100,100,100,-1,0,1,3,crop,1,agricultural_burn,7.32,81.83
40,0.557,0.8,0.24,0.088,0.172,0.116,5.94,8.61,0.2,5.33,5.94,8.61,5.33,2,100,100,100,100,100,100,-1,1,2,3,crop,1,agricultural_burn,7.32,81.84
40,0.538,0.76,0.304,0.144,0.18,0.112,3.65,3.65,0.1,0,3.65,3.65,0,1,100,100,100,100,100,100,-1,0,1,3,crop,1,agricultural_burn,7.39,81.76
40,0.475,0.808,0.528,0.296,0.196,0.108,9.16,9.16,0.1,0,9.16,9.16,0,1,100,100,100,100,100,100,-1,0,1,3,crop,1,agricultural_burn,7.61,80.94
30,0.48,0.752,0.552,0.36,0.22,0.132,5.38,5.38,0.1,0,5.38,5.38,0,1,100,46.74,100,28,100,100,3,0,1,1,grassland,3,wildfire,8.57,80.64
10,0.43,0.776,0.576,0.384,0.2,0.112,3.77,3.77,0.1,0,3.77,3.77,0,1,100,44.64,100,6.35,100,100,3,0,1,0,forest,3,wildfire,8.65,80.45
40,0.312,0.784,0.704,0.52,0.18,0.088,4.87,4.87,0.1,0,4.87,4.87,0,1,100,47.74,100,34.95,100,100,3,0,1,3,crop,1,agricultural_burn,9.15,80.52
40,0.833,0.432,0.184,0.112,0.424,0.384,6.36,6.36,0.1,0,6.36,6.36,0,1,100,100,100,100,100,100,-1,0,1,3,crop,1,agricultural_burn,20.96,94.87
10,0.362,0.664,0.48,0.328,0.144,0.08,3.79,3.79,0.1,0,3.79,3.79,0,1,100,18.46,100,14.13,100,100,6,0,1,0,forest,3,wildfire,28.79,80.21
40,-1,-1,-1,-1,-1,-1,4.94,4.94,0.1,0,4.94,4.94,0,1,100,14.6,100,100,100,100,6,0,1,3,crop,1,agricultural_burn,29.45,71.35
60,0.55,0.16,0.096,0.064,0.16,0.128,8.91,8.91,0.1,0,8.91,8.91,0,1,100,30.38,100,100,100,100,6,0,1,4,other,1,agricultural_burn,32,78.54
30,0.586,0.096,0.056,0.024,-1,-1,3.87,3.87,0.1,0,3.87,3.87,0,1,100,100,100,100,100,100,6,0,1,1,grassland,3,wildfire,24.87,68.07
60,0.734,0.168,0.104,0.08,0.268,0.24,4.56,4.56,0.1,0,4.56,4.56,0,1,100,100,100,100,100,100,6,0,1,4,other,1,agricultural_burn,24.87,68.06
40,0.528,0.656,0.448,0.208,0.196,0.128,3.13,3.13,0.1,0,3.13,3.13,0,1,100,7.33,100,100,100,100,1,0,1,3,crop,1,agricultural_burn,30.81,72
40,0.72,0.264,0.168,0.104,0.268,0.232,3.16,3.16,0.1,0,3.16,3.16,0,1,100,100,100,100,100,100,-1,0,1,3,crop,1,agricultural_burn,33.29,71.19
40,0.566,0.704,0.432,0.12,0.188,0.124,3.78,3.78,0.1,0,3.78,3.78,0,1,100,10.99,100,100,39.29,100,1,0,1,3,crop,1,agricultural_burn,31.64,72.19
30,0.578,0.672,0.4,0.136,0.2,0.136,2.41,2.41,0.1,0,2.41,2.41,0,1,100,11.88,100,100,38.18,100,1,0,1,1,grassland,3,wildfire,31.65,72.19
30,0.516,0.632,0.36,0.144,0.168,0.116,1.35,1.35,0.1,0,1.35,1.35,0,1,100,1.46,100,5.73,100,100,6,0,1,1,grassland,0,industrial_fire,23.66,85.51
30,0.629,0.608,0.392,0.184,0.244,0.16,1.35,1.35,0.1,0,1.35,1.35,0,1,100,7.54,100,0.85,100,100,6,0,1,1,grassland,2,mining_activity,23.67,84.99
50,0.523,0.408,0.216,0.024,0.132,0.096,0.92,0.92,0.1,0,0.92,0.92,0,1,100,0.34,100,3.94,100,100,6,0,1,4,other,0,industrial_fire,23.69,87.1
40,0.586,0.672,0.464,0.184,0.22,0.136,1.51,1.51,0.1,0,1.51,1.51,0,1,100,2.43,100,2.21,100,100,3,0,1,3,crop,0,industrial_fire,23.76,85.85
60,0.586,0.552,0.288,0.112,0.196,0.136,1.51,1.51,0.1,0,1.51,1.51,0,1,100,3.23,100,1.24,100,100,3,0,1,4,other,0,industrial_fire,23.76,85.86
50,0.569,0.504,0.288,0.152,0.2,0.152,1.14,1.14,0.1,0,1.14,1.14,0,1,100,6.15,100,1.31,100,100,3,0,1,4,other,2,mining_activity,23.81,86.33
10,0.516,0.232,0.144,0.072,0.144,0.124,2.67,2.67,0.1,0,2.67,2.67,0,1,100,0.51,100,3.77,100,100,1,0,1,0,forest,0,industrial_fire,15.19,76.66
10,0.595,0.312,0.176,0.096,0.196,0.164,2.84,2.84,0.1,0,2.84,2.84,0,1,100,1.54,100,3.49,100,100,6,0,1,0,forest,0,industrial_fire,15.19,76.68
40,0.42,0.792,0.648,0.472,0.224,0.12,1.8,1.8,0.1,0,1.8,1.8,0,1,100,100,100,100,100,100,-1,0,1,3,crop,1,agricultural_burn,6.52,80.93
10,0.547,0.712,0.584,0.344,0.252,0.144,3.68,3.68,0.1,0,3.68,3.68,0,1,100,100,100,100,100,100,-1,0,1,0,forest,3,wildfire,6.88,81.59
30,0.427,0.656,0.544,0.424,0.212,0.144,2.76,2.76,0.1,0,2.76,2.76,0,1,100,100,100,100,100,100,-1,0,1,1,grassland,3,wildfire,7.04,79.89
10,0.238,0.832,0.784,0.68,0.192,0.088,1.57,1.57,0.1,0,1.57,1.57,0,1,100,100,100,100,100,100,-1,0,1,0,forest,3,wildfire,7.27,81.28
10,0.329,0.808,0.712,0.576,0.208,0.104,1.67,1.67,0.1,0,1.67,1.67,0,1,100,100,100,100,100,100,-1,0,1,0,forest,3,wildfire,7.64,80.97
10,0.475,0.752,0.536,0.344,0.212,0.136,1.14,1.46,0.2,-0.65,1.14,1.46,-0.65,2,100,0.52,100,4.6,100,100,1,1,2,0,forest,0,industrial_fire,31.26,76.92
20,0.665,0.224,0.152,0.112,0.24,0.212,1.12,1.12,0.1,0,1.12,1.12,0,1,100,100,100,100,100,100,-1,0,1,2,shrubland,3,wildfire,33.91,71.46
50,0.658,0.52,0.352,0.184,0.26,0.188,0.84,0.84,0.1,0,0.84,0.84,0,1,100,0.61,100,2,100,100,6,0,1,4,other,0,industrial_fire,24.82,73.09
40,0.814,0.416,0.208,0.144,0.372,0.332,0.65,0.65,0.1,0,0.65,0.65,0,1,100,5.35,100,4.45,100,100,3,0,1,3,crop,1,agricultural_burn,26.26,74.09
20,0.766,0.392,0.152,0.088,0.288,0.248,1.02,1.02,0.1,0,1.02,1.02,0,1,100,19.24,100,49.63,100,100,1,0,1,2,shrubland,3,wildfire,28.21,69.5
50,0.653,0.152,0.104,0.072,0.22,0.176,5.31,5.31,0.1,0,5.31,5.31,0,1,0.5,0.79,100,5.01,0.26,100,6,0,1,4,other,0,industrial_fire,22.34,69.87
10,0.458,0.752,0.664,0.408,0.224,0.116,28.12,28.12,0.1,0,28.12,28.12,0,1,100,100,100,100,100,100,-1,0,1,0,forest,3,wildfire,6.71,81.22
40,0.487,0.752,0.664,0.36,0.224,0.12,28.12,28.12,0.1,0,28.12,28.12,0,1,100,100,100,100,100,100,-1,0,1,3,crop,1,agricultural_burn,6.71,81.23
30,0.36,0.792,0.704,0.584,0.228,0.124,6.04,6.04,0.1,0,6.04,6.04,0,1,100,100,100,100,100,100,-1,0,1,1,grassland,3,wildfire,6.84,81.49
10,0.353,0.808,0.728,0.584,0.224,0.116,5.59,5.59,0.1,0,5.59,5.59,0,1,100,100,100,100,100,100,-1,0,1,0,forest,3,wildfire,6.85,81.47
10,0.343,0.792,0.728,0.576,0.216,0.116,5.48,5.48,0.1,0,5.48,5.48,0,1,100,100,100,100,100,100,-1,0,1,0,forest,3,wildfire,6.91,81.49
40,0.653,0.704,0.384,0.168,0.252,0.172,4.85,4.85,0.1,0,4.85,4.85,0,1,100,100,100,100,100,100,-1,0,1,3,crop,1,agricultural_burn,7.06,81.81
10,0.257,0.84,0.784,0.672,0.2,0.096,4.81,4.81,0.1,0,4.81,4.81,0,1,100,100,100,100,100,100,-1,0,1,0,forest,3,wildfire,7.36,81.26
10,0.278,0.824,0.768,0.672,0.212,0.104,4.53,4.53,0.1,0,4.53,4.53,0,1,100,100,100,100,100,100,-1,0,1,0,forest,3,wildfire,7.37,81.26
40,0.526,0.768,0.352,0.2,0.192,0.112,3.94,3.94,0.1,0,3.94,3.94,0,1,100,100,100,100,100,100,-1,0,1,3,crop,1,agricultural_burn,7.45,81.72
10,0.382,0.816,0.72,0.608,0.248,0.128,11.65,11.65,0.1,0,11.65,11.65,0,1,100,100,100,100,100,100,-1,0,1,0,forest,3,wildfire,7.58,81.4
40,0.586,0.792,0.488,0.304,0.26,0.152,1.13,1.13,0.1,0,1.13,1.13,0,1,100,100,100,100,100,100,-1,0,1,3,crop,1,agricultural_burn,8.33,81.03
30,0.42,0.76,0.616,0.448,0.216,0.12,5.31,5.31,0.1,0,5.31,5.31,0,1,100,17.48,100,29.84,100,100,6,0,1,1,grassland,3,wildfire,8.36,80.23
10,0.398,0.776,0.64,0.472,0.212,0.116,5.31,5.31,0.1,0,5.31,5.31,0,1,100,16.65,100,29.52,100,100,6,0,1,0,forest,3,wildfire,8.36,80.24
10,0.494,0.768,0.552,0.36,0.228,0.136,3.84,3.84,0.1,0,3.84,3.84,0,1,100,28.91,100,30.01,100,100,6,0,1,0,forest,3,wildfire,8.42,80.56
10,0.358,0.808,0.696,0.504,0.2,0.104,3.8,3.8,0.1,0,3.8,3.8,0,1,100,45.48,100,5.72,100,100,3,0,1,0,forest,3,wildfire,8.66,80.44
30,0.43,0.744,0.6,0.432,0.216,0.128,3.42,3.42,0.1,0,3.42,3.42,0,1,100,46.29,100,8.77,100,100,3,0,1,1,grassland,3,wildfire,8.66,80.47
40,0.742,0.48,0.328,0.224,0.32,0.244,3.45,3.45,0.1,0,3.45,3.45,0,1,100,10.62,100,45.05,100,100,1,0,1,3,crop,1,agricultural_burn,14.87,79.74
40,0.648,0.56,0.304,0.176,0.252,0.18,3.57,3.57,0.1,0,3.57,3.57,0,1,100,6.58,100,21.07,100,100,1,0,1,3,crop,1,agricultural_burn,15.39,75.22
30,0.641,0.696,0.424,0.2,0.256,0.168,4.27,4.27,0.1,0,4.27,4.27,0,1,100,6.49,100,4.68,100,100,3,0,1,1,grassland,3,wildfire,17.09,79.69
40,0.473,0.576,0.408,0.24,0.176,0.116,3.57,3.57,0.1,0,3.57,3.57,0,1,100,7.76,100,16.43,100,100,1,0,1,3,crop,1,agricultural_burn,18.71,74.45
-1,-1,-1,-1,-1,-1,-1,5.54,5.54,0.1,0,5.54,5.54,0,1,100,100,100,100,100,100,-1,0,1,4,other,,unknown,19.37,71.36
40,0.758,0.656,0.248,0.136,0.3,0.244,0.9,0.9,0.1,0,0.9,0.9,0,1,100,1.03,100,14.59,100,100,1,0,1,3,crop,0,industrial_fire,22.94,69.19
60,0.677,0.368,0.264,0.224,0.284,0.22,11.94,11.94,0.1,0,11.94,11.94,0,1,100,42.38,100,100,100,100,6,0,1,4,other,1,agricultural_burn,24.96,68.29
50,0.648,0.552,0.296,0.128,0.236,0.18,1.98,3.11,0.2,2.26,1.98,3.11,2.26,2,100,38.79,100,100,100,100,1,1,2,4,other,,unknown,26.09,68.88
50,0.792,0.232,0.184,0.128,0.316,0.276,3.38,3.38,0.1,0,3.38,3.38,0,1,100,100,100,100,100,100,-1,0,1,4,other,,unknown,26.84,68.12
40,0.619,0.672,0.36,0.152,0.228,0.164,3.52,3.52,0.1,0,3.52,3.52,0,1,100,10.32,100,100,100,100,1,0,1,3,crop,1,agricultural_burn,29.82,72.61
40,0.624,0.728,0.368,0.12,0.22,0.156,2.03,2.03,0.1,0,2.03,2.03,0,1,100,16.92,100,100,100,100,1,0,1,3,crop,1,agricultural_burn,29.94,72.06
40,0.605,0.72,0.392,0.152,0.22,0.156,5.26,5.26,0.1,0,5.26,5.26,0,1,100,13.16,100,100,100,100,1,0,1,3,crop,1,agricultural_burn,30.16,72.42
30,0.583,0.584,0.28,0.128,0.2,0.148,14.19,14.19,0.1,0,14.19,14.19,0,1,100,10.48,100,100,100,100,1,0,1,1,grassland,3,wildfire,30.89,73.2
40,0.581,0.592,0.288,0.144,0.204,0.156,11.6,11.6,0.1,0,11.6,11.6,0,1,100,9.76,100,100,100,100,1,0,1,3,crop,1,agricultural_burn,30.89,73.18
80,0.598,0.568,0.224,0.104,0.2,0.16,9.86,9.86,0.1,0,9.86,9.86,0,1,100,6.49,100,100,100,100,1,0,1,4,other,,unknown,31.03,73.37
40,0.595,0.68,0.408,0.192,0.228,0.164,3.13,3.13,0.1,0,3.13,3.13,0,1,100,6.04,100,100,100,100,1,0,1,3,crop,1,agricultural_burn,31.09,72.59
20,0.715,0.344,0.224,0.136,0.276,0.244,3.51,3.51,0.1,0,3.51,3.51,0,1,100,0.78,100,1.6,100,100,6,0,1,2,shrubland,0,industrial_fire,32.57,72.56
50,0.511,0.264,0.136,0.056,0.136,0.112,2.37,2.91,0.2,-1.08,2.37,2.91,-1.08,2,10.49,0.18,100,17.65,100,100,1,1,2,4,other,0,industrial_fire,17.61,83.2
40,0.526,0.488,0.272,0.152,0.176,0.132,3.67,4.41,0.2,-1.48,3.67,4.41,-1.48,2,100,0.83,100,8.82,100,100,1,1,2,3,crop,0,industrial_fire,21.2,81.42
10,0.533,0.488,0.272,0.128,0.172,0.132,2.93,2.93,0.1,0,2.93,2.93,0,1,100,0.57,100,8.15,100,100,1,0,1,0,forest,0,industrial_fire,21.2,81.41
40,0.61,0.624,0.336,0.12,0.212,0.148,2.37,2.37,0.1,0,2.37,2.37,0,1,100,7.85,100,1.19,100,100,3,0,1,3,crop,2,mining_activity,21.34,78.97
50,0.504,0.536,0.168,0.08,0.14,0.116,1.85,1.85,0.1,0,1.85,1.85,0,1,100,0.76,100,14.12,100,100,6,0,1,4,other,0,industrial_fire,21.38,81.68
40,0.482,0.616,0.264,0.128,0.144,0.104,0.73,0.73,0.1,0,0.73,0.73,0,1,100,0.36,100,17.9,100,100,1,0,1,3,crop,0,industrial_fire,21.39,81.64
30,0.607,0.648,0.416,0.184,0.232,0.16,2.57,2.57,0.1,0,2.57,2.57,0,1,30.42,2.21,100,0.49,25.65,100,3,0,1,1,grassland,0,industrial_fire,21.59,96.23
50,0.526,0.64,0.424,0.152,0.176,0.112,1.44,1.92,0.3,0.71,1.21,1.39,0.37,3,100,0.88,100,100,100,100,6,1,3,4,other,0,industrial_fire,22.36,87.29
50,0.526,0.168,0.104,0.032,0.136,0.112,0.92,0.92,0.1,0,0.92,0.92,0,1,100,0.47,100,4.94,100,100,1,0,1,4,other,0,industrial_fire,22.79,86.21
50,0.509,0.096,0.04,-0.024,0.116,0.108,1.59,1.59,0.1,0,1.59,1.59,0,1,100,0.87,100,4.57,100,100,6,0,1,4,other,0,industrial_fire,22.79,86.2
50,0.526,0.48,0.288,0.032,0.136,0.092,0.41,0.41,0.1,0,0.41,0.41,0,1,100,5.64,100,3.58,100,100,6,0,1,4,other,2,mining_activity,23.61,87.15
30,0.566,0.616,0.416,0.12,0.188,0.124,1.93,1.93,0.1,0,1.93,1.93,0,1,100,3.37,100,1.65,100,100,6,0,1,1,grassland,0,industrial_fire,23.66,87.16
10,0.259,0.832,0.776,0.392,0.108,0.056,6.61,6.61,0.1,0,6.61,6.61,0,1,100,9.34,100,38.01,100,100,1,0,1,0,forest,3,wildfire,34.47,73.86
10,0.31,0.752,0.648,0.392,0.136,0.08,6.61,6.61,0.1,0,6.61,6.61,0,1,100,8.28,100,38.44,100,100,1,0,1,0,forest,3,wildfire,34.48,73.86
40,0.61,0.208,0.136,0.048,0.188,0.164,3.64,3.64,0.1,0,3.64,3.64,0,1,100,0.6,100,100,100,100,1,0,1,3,crop,0,industrial_fire,32.1,74.17
60,0.746,0.2,0.136,0.096,0.28,0.252,0.87,0.87,0.1,0,0.87,0.87,0,1,100,100,100,100,100,100,-1,0,1,4,other,1,agricultural_burn,33.27,71.31
60,0.71,0.32,0.176,0.12,0.268,0.236,1.01,1.21,0.2,0.4,1.01,1.21,0.4,2,100,45.96,100,100,100,100,1,1,2,4,other,1,agricultural_burn,33.55,71.55
50,0.696,0.504,0.248,0.144,0.268,0.224,0.82,0.82,0.1,0,0.82,0.82,0,1,16.49,0.1,100,8.01,100,100,1,0,1,4,other,0,industrial_fire,33.69,72.71
60,0.674,0.168,0.112,0.072,0.232,0.204,0.9,0.9,0.1,0,0.9,0.9,0,1,100,19.78,100,47.9,100,100,1,0,1,4,other,1,agricultural_burn,33.9,71.91
50,0.509,0.288,0.144,0.072,0.14,0.108,3.38,3.38,0.1,0,3.38,3.38,0,1,100,0.73,100,8.91,100,100,1,0,1,4,other,0,industrial_fire,21.18,81.38
50,0.667,0.128,0.08,0.048,0.22,0.184,3.06,3.06,0.1,0,3.06,3.06,0,1,0.77,1.24,100,5.42,0.6,100,6,0,1,4,other,0,industrial_fire,22.34,69.86
50,0.65,0.168,0.12,0.088,0.224,0.184,2.19,2.19,0.1,0,2.19,2.19,0,1,1.74,1.32,100,5.97,1.48,100,6,0,1,4,other,0,industrial_fire,22.34,69.85
40,0.73,0.52,0.24,0.16,0.292,0.228,2.03,2.03,0.1,0,2.03,2.03,0,1,100,0.69,100,14.12,100,100,6,0,1,3,crop,0,industrial_fire,22.93,69.82
10,0.514,0.368,0.208,0.144,-1,-1,0.72,0.72,0.1,0,0.72,0.72,0,1,100,0.24,100,1.35,100,100,6,0,1,0,forest,0,industrial_fire,23.5,68.58
20,0.571,0.496,0.336,0.112,0.188,0.132,2.57,2.57,0.1,0,2.57,2.57,0,1,100,6.6,100,2.7,100,100,6,0,1,2,shrubland,2,mining_activity,15.11,76.8
-1,-1,-1,-1,-1,-1,-1,3.27,3.27,0.1,0,3.27,3.27,0,1,100,100,100,100,100,100,-1,0,1,4,other,,unknown,19.18,70.95
30,0.722,0.264,0.144,0.112,0.272,0.224,5.28,5.28,0.1,0,5.28,5.28,0,1,100,10.48,100,9.07,100,100,3,0,1,1,grassland,3,wildfire,29.55,90.96
30,0.425,0.744,0.6,0.44,0.216,0.116,2.47,2.47,0.1,0,2.47,2.47,0,1,100,19.56,100,39.08,100,100,1,0,1,1,grassland,3,wildfire,7.86,79.96
30,0.475,0.768,0.488,0.32,0.204,0.116,6.4,6.4,0.1,0,6.4,6.4,0,1,100,100,100,100,100,100,-1,0,1,1,grassland,3,wildfire,8.01,81.1
30,0.427,0.744,0.64,0.472,0.228,0.124,5.51,5.51,0.1,0,5.51,5.51,0,1,100,23.68,100,23.75,100,100,6,0,1,1,grassland,3,wildfire,8.13,80.05
10,0.468,0.792,0.496,0.32,0.2,0.112,4.4,4.4,0.1,0,4.4,4.4,0,1,100,100,100,100,100,100,-1,0,1,0,forest,3,wildfire,8.21,81.03
10,0.341,0.76,0.632,0.432,-1,-1,3.92,3.92,0.1,0,3.92,3.92,0,1,100,22.56,100,27.24,100,100,6,0,1,0,forest,3,wildfire,8.29,80.15
30,0.346,0.776,0.584,0.424,-1,-1,4.62,4.62,0.1,0,4.62,4.62,0,1,100,100,100,100,100,100,6,0,1,1,grassland,3,wildfire,8.45,80.81
10,0.274,0.816,0.696,0.544,-1,-1,3.52,3.52,0.1,0,3.52,3.52,0,1,100,44.43,100,36.85,100,100,6,0,1,0,forest,3,wildfire,8.48,80.69
30,0.43,0.776,0.608,0.408,0.208,0.116,6.76,6.76,0.1,0,6.76,6.76,0,1,100,31.74,100,10.13,100,100,3,0,1,1,grassland,3,wildfire,8.54,80.41
10,0.446,0.736,0.56,0.416,0.22,0.128,4.4,4.4,0.1,0,4.4,4.4,0,1,100,100,100,100,100,100,-1,0,1,0,forest,3,wildfire,8.57,80.89
40,0.3,0.8,0.736,0.6,0.2,0.1,4.69,4.69,0.1,0,4.69,4.69,0,1,100,100,100,100,100,100,-1,0,1,3,crop,1,agricultural_burn,8.62,80.88
10,0.269,0.848,0.744,0.592,0.18,0.084,4.08,4.08,0.1,0,4.08,4.08,0,1,100,100,100,27.3,100,100,3,0,1,0,forest,3,wildfire,8.67,80.64
40,0.444,0.792,0.592,0.384,0.208,0.12,1.88,1.88,0.1,0,1.88,1.88,0,1,100,100,100,100,100,100,-1,0,1,3,crop,1,agricultural_burn,8.69,80.85
30,0.24,0.84,0.776,0.64,0.18,0.08,7.13,7.13,0.1,0,7.13,7.13,0,1,100,100,100,46.1,100,100,3,0,1,1,grassland,3,wildfire,8.74,80.8
10,0.194,0.832,0.792,0.656,0.16,0.068,13.98,13.98,0.1,0,13.98,13.98,0,1,100,100,100,30.43,100,100,3,0,1,0,forest,3,wildfire,8.74,80.65
10,0.24,0.848,0.792,0.616,0.172,0.072,10.18,10.18,0.1,0,10.18,10.18,0,1,100,100,100,31.87,100,100,3,0,1,0,forest,3,wildfire,8.75,80.66
40,0.406,0.808,0.584,0.376,0.184,0.092,5.23,5.23,0.1,0,5.23,5.23,0,1,100,100,100,100,100,100,-1,0,1,3,crop,1,agricultural_burn,8.78,80.88
40,0.386,0.776,0.64,0.528,0.224,0.132,2.88,2.88,0.1,0,2.88,2.88,0,1,100,100,100,100,100,100,-1,0,1,3,crop,1,agricultural_burn,8.79,81.09
40,0.372,0.784,0.656,0.456,0.192,0.104,8.83,8.83,0.1,0,8.83,8.83,0,1,100,100,100,28.16,100,100,3,0,1,3,crop,1,agricultural_burn,8.81,80.58
10,0.307,0.8,0.704,0.552,0.188,0.096,17.72,17.72,0.1,0,17.72,17.72,0,1,100,100,100,28.97,100,100,3,0,1,0,forest,3,wildfire,8.81,80.59
10,0.18,0.848,0.792,0.704,0.168,0.072,8.44,8.44,0.1,0,8.44,8.44,0,1,100,100,100,38.77,100,100,3,0,1,0,forest,3,wildfire,8.84,80.68
10,0.254,0.816,0.776,0.592,0.172,0.08,10.18,10.18,0.1,0,10.18,10.18,0,1,100,100,100,39.98,100,100,3,0,1,0,forest,3,wildfire,8.87,80.67
30,0.276,0.816,0.76,0.568,0.176,0.084,15.06,15.06,0.1,0,15.06,15.06,0,1,100,100,100,40.71,100,100,3,0,1,1,grassland,3,wildfire,8.88,80.67
40,0.458,0.728,0.552,0.36,0.208,0.124,4.31,4.31,0.1,0,4.31,4.31,0,1,100,100,100,34.25,100,100,3,0,1,3,crop,1,agricultural_burn,8.89,80.57
10,0.185,0.8,0.76,0.672,0.16,0.072,4.33,4.33,0.1,0,4.33,4.33,0,1,100,45.97,100,35.05,100,100,3,0,1,0,forest,3,wildfire,8.95,80.37
40,0.444,0.704,0.52,0.312,0.184,0.104,2.25,2.25,0.1,0,2.25,2.25,0,1,100,100,100,100,100,100,-1,0,1,3,crop,1,agricultural_burn,9,80.84
10,0.427,0.76,0.616,0.424,0.212,0.124,7.59,7.59,0.1,0,7.59,7.59,0,1,100,100,100,100,100,100,-1,0,1,0,forest,3,wildfire,9,80.68
10,0.396,0.784,0.632,0.44,0.2,0.112,7.94,7.94,0.1,0,7.94,7.94,0,1,100,100,100,100,100,100,-1,0,1,0,forest,3,wildfire,9.04,80.68
10,0.228,0.8,0.752,0.648,0.176,0.08,4.93,4.93,0.1,0,4.93,4.93,0,1,100,100,100,36.15,100,100,3,0,1,0,forest,3,wildfire,9.08,80.47
30,0.787,0.584,0.304,0.184,0.332,0.26,3.51,3.51,0.1,0,3.51,3.51,0,1,100,4.6,100,45.26,100,100,1,0,1,1,grassland,3,wildfire,9.22,78.65
10,0.379,0.8,0.544,0.36,0.164,0.088,4.77,4.77,0.1,0,4.77,4.77,0,1,100,48.73,100,49.87,100,100,6,0,1,0,forest,3,wildfire,9.28,80.71
40,0.559,0.624,0.424,0.24,0.224,0.14,5.73,5.73,0.1,0,5.73,5.73,0,1,100,7.76,100,7.06,100,100,3,0,1,3,crop,1,agricultural_burn,9.3,77.48
30,0.749,0.448,0.2,0.128,0.292,0.216,21.77,21.77,0.1,0,21.77,21.77,0,1,100,2.78,100,100,100,100,1,0,1,1,grassland,0,industrial_fire,9.39,78.89
40,0.504,0.6,0.328,0.176,0.172,0.108,4.04,4.04,0.1,0,4.04,4.04,0,1,100,13.23,100,15.84,100,100,1,0,1,3,crop,1,agricultural_burn,9.43,80.36
40,0.566,0.712,0.368,0.144,0.196,0.128,10.63,10.63,0.1,0,10.63,10.63,0,1,100,18.95,100,29.75,100,100,6,0,1,3,crop,1,agricultural_burn,9.45,80.5
10,0.641,0.432,0.288,0.2,0.256,0.188,5.07,5.07,0.1,0,5.07,5.07,0,1,100,8.87,100,22.89,100,100,1,0,1,0,forest,3,wildfire,9.48,80.4
40,0.509,0.688,0.568,0.432,0.26,0.16,1.4,1.4,0.1,0,1.4,1.4,0,1,100,3.52,100,31.58,100,100,1,0,1,3,crop,0,industrial_fire,9.61,80.3
10,0.622,0.632,0.392,0.256,0.264,0.184,4.38,4.38,0.1,0,4.38,4.38,0,1,100,4.93,100,5.99,100,100,1,0,1,0,forest,3,wildfire,9.8,78.18
10,0.372,0.768,0.552,0.336,0.152,0.08,7.84,7.84,0.1,0,7.84,7.84,0,1,100,3.88,100,6.42,100,100,6,0,1,0,forest,0,industrial_fire,10.05,77.95
40,0.382,-1,-1,-1,0.212,0.124,4.04,4.04,0.1,0,4.04,4.04,0,1,32.06,8.34,100,35.64,100,21.98,1,0,1,3,crop,1,agricultural_burn,10.94,79.54
40,0.73,0.544,0.344,0.184,0.3,0.232,1.86,1.86,0.1,0,1.86,1.86,0,1,100,3.71,100,30.82,100,100,1,0,1,3,crop,0,industrial_fire,11.36,77.26
50,0.634,0.584,0.432,0.224,0.26,0.192,4.18,4.18,0.1,0,4.18,4.18,0,1,100,2.6,100,12.32,100,100,6,0,1,4,other,0,industrial_fire,11.42,78.16
10,0.535,0.696,0.528,0.328,0.24,0.164,5.71,5.71,0.1,0,5.71,5.71,0,1,100,5.6,100,30.85,100,100,6,0,1,0,forest,3,wildfire,11.46,77.47
40,0.571,0.672,0.424,0.232,0.228,0.148,4.61,4.61,0.1,0,4.61,4.61,0,1,100,4.31,100,22.47,100,100,1,0,1,3,crop,1,agricultural_burn,11.53,78.71
40,0.574,0.712,0.464,0.264,0.24,0.156,4.14,4.14,0.1,0,4.14,4.14,0,1,100,4.54,100,13.6,100,100,6,0,1,3,crop,1,agricultural_burn,11.56,79.63
10,0.494,0.68,0.528,0.336,0.22,0.14,2.19,2.19,0.1,0,2.19,2.19,0,1,100,3.29,100,14.18,100,100,1,0,1,0,forest,0,industrial_fire,11.67,78.44
40,0.698,0.528,0.344,0.2,0.288,0.212,1.61,1.61,0.1,0,1.61,1.61,0,1,100,2.26,100,40.08,100,100,1,0,1,3,crop,0,industrial_fire,12.06,76.92
40,0.509,0.664,0.52,0.336,0.228,0.14,13.42,13.42,0.1,0,13.42,13.42,0,1,100,6.58,100,8.72,100,100,1,0,1,3,crop,1,agricultural_burn,12.13,79.65
10,0.408,0.672,0.504,0.32,-1,-1,2.81,2.81,0.1,0,2.81,2.81,0,1,100,5.49,100,30.29,100,30.41,1,0,1,0,forest,3,wildfire,12.27,77
10,0.446,0.752,0.488,0.296,0.18,0.104,1.44,1.44,0.1,0,1.44,1.44,0,1,100,1.48,100,14.95,100,24.01,1,0,1,0,forest,0,industrial_fire,12.31,76.84
50,0.559,0.568,0.4,0.216,0.216,0.148,4.96,7.06,0.2,-4.2,4.96,7.06,-4.2,2,100,0.59,100,4.42,100,33.96,6,1,2,4,other,0,industrial_fire,12.84,79.94
40,0.552,0.672,0.488,0.288,0.236,0.148,3.78,3.78,0.1,0,3.78,3.78,0,1,100,3.81,100,5.99,100,100,6,0,1,3,crop,0,industrial_fire,12.95,79.28
20,0.415,0.776,0.68,0.408,0.2,0.104,4.44,4.44,0.1,0,4.44,4.44,0,1,100,13.24,100,10.05,100,100,3,0,1,2,shrubland,3,wildfire,13.09,78.8
40,0.761,0.56,0.4,0.192,0.32,0.22,3.09,3.09,0.1,0,3.09,3.09,0,1,100,6.78,100,7.3,100,100,1,0,1,3,crop,1,agricultural_burn,13.97,78.23
20,0.809,0.4,0.256,0.152,0.38,0.288,3.71,3.71,0.1,0,3.71,3.71,0,1,100,2.6,100,8.82,100,100,1,0,1,2,shrubland,0,industrial_fire,14.16,77.24
10,0.59,0.64,0.52,0.368,0.284,0.188,3.12,3.12,0.1,0,3.12,3.12,0,1,100,6.43,100,5.75,100,100,3,0,1,0,forest,3,wildfire,14.24,79.66
20,0.65,0.416,0.264,0.184,0.256,0.2,4.52,4.52,0.1,0,4.52,4.52,0,1,100,8.53,100,20.12,100,100,6,0,1,2,shrubland,3,wildfire,15,77
80,0.562,0.528,0.36,0.248,0.228,0.14,5.67,5.67,0.1,0,5.67,5.67,0,1,100,12.32,100,100,100,100,1,0,1,4,other,,unknown,15.02,79.75
60,0.598,0.144,0.064,0.032,0.176,0.156,3.54,5.5,0.2,3.92,3.54,5.5,3.92,2,100,1.62,100,2.4,100,100,6,1,2,4,other,0,industrial_fire,15.18,76.68
40,0.631,0.68,0.336,0.168,0.24,0.172,1.86,1.86,0.1,0,1.86,1.86,0,1,100,1.26,100,35.48,100,100,1,0,1,3,crop,0,industrial_fire,15.44,76.98
40,0.804,0.552,0.32,0.16,0.344,0.26,4.12,4.12,0.1,0,4.12,4.12,0,1,100,3.52,100,21.53,100,100,1,0,1,3,crop,0,industrial_fire,15.75,77.79
30,0.754,0.376,0.176,-0.328,0.252,0.188,2.89,2.89,0.1,0,2.89,2.89,0,1,100,11.53,100,33.51,100,100,1,0,1,1,grassland,3,wildfire,15.98,78.41
40,0.672,0.616,0.304,0.16,0.26,0.192,3.84,3.84,0.1,0,3.84,3.84,0,1,100,1.92,100,38.55,100,100,6,0,1,3,crop,0,industrial_fire,16.01,77.05
40,0.694,0.656,0.384,0.208,0.288,0.2,2.33,2.33,0.1,0,2.33,2.33,0,1,100,12.59,100,41.16,100,100,1,0,1,3,crop,1,agricultural_burn,16.84,79.17
40,0.478,0.672,0.488,0.256,0.184,0.124,3.21,3.21,0.1,0,3.21,3.21,0,1,100,12.3,100,7.75,100,100,6,0,1,3,crop,1,agricultural_burn,20,74.01
10,0.612,0.264,0.12,0.056,0.192,0.16,5.28,5.28,0.1,0,5.28,5.28,0,1,25.27,4.27,100,0.35,100,100,3,0,1,0,forest,2,mining_activity,21.75,83.85
50,0.485,0.312,0.168,0.088,0.132,0.108,2.84,2.84,0.1,0,2.84,2.84,0,1,100,0.45,100,26.33,100,100,1,0,1,4,other,0,industrial_fire,21.92,83.35
40,0.665,0.616,0.28,0.184,0.264,0.188,8.21,8.21,0.1,0,8.21,8.21,0,1,100,13.46,100,0.61,100,100,3,0,1,3,crop,2,mining_activity,22.36,82.3
80,0.497,0.112,0.072,0.032,0.12,0.096,2.98,6.26,0.3,4.93,1.34,1.57,-0.47,3,100,0.99,100,16.84,100,100,1,1,3,4,other,0,industrial_fire,22.93,70.11
40,0.576,0.744,0.416,0.176,0.212,0.152,1.43,1.43,0.1,0,1.43,1.43,0,1,100,4.57,100,100,100,100,1,0,1,3,crop,1,agricultural_burn,29.76,72.59
40,0.569,0.704,0.408,0.176,0.208,0.148,3.2,3.2,0.1,0,3.2,3.2,0,1,100,13.12,100,100,100,100,1,0,1,3,crop,1,agricultural_burn,29.76,71.19
40,0.629,0.68,0.352,0.136,0.228,0.172,4.79,4.79,0.1,0,4.79,4.79,0,1,100,3.52,100,100,100,100,1,0,1,3,crop,0,industrial_fire,29.77,72.26
40,0.607,0.728,0.384,0.136,0.216,0.156,12.85,12.85,0.1,0,12.85,12.85,0,1,100,13.07,100,100,100,100,1,0,1,3,crop,1,agricultural_burn,29.91,72.08
40,0.583,0.792,0.392,0.128,0.2,0.14,3.13,3.13,0.1,0,3.13,3.13,0,1,100,6.79,100,100,100,100,1,0,1,3,crop,1,agricultural_burn,29.94,72.99
40,0.607,0.712,0.384,0.112,0.208,0.148,3.11,3.11,0.1,0,3.11,3.11,0,1,100,7.03,100,100,100,100,1,0,1,3,crop,1,agricultural_burn,29.95,72.6
40,0.607,0.728,0.384,0.112,0.208,0.152,3.11,3.11,0.1,0,3.11,3.11,0,1,100,7.94,100,100,100,100,1,0,1,3,crop,1,agricultural_burn,29.96,72.6
30,0.605,0.672,0.384,0.152,0.22,0.156,6.61,6.61,0.1,0,6.61,6.61,0,1,100,14.18,100,100,100,100,1,0,1,1,grassland,3,wildfire,30.08,71.97
40,0.59,0.72,0.4,0.152,0.212,0.152,2.54,2.54,0.1,0,2.54,2.54,0,1,100,1.37,100,100,100,100,1,0,1,3,crop,0,industrial_fire,30.34,73.03
40,0.586,0.792,0.424,0.136,0.204,0.14,3.06,3.06,0.1,0,3.06,3.06,0,1,100,9.45,100,100,100,100,1,0,1,3,crop,1,agricultural_burn,30.36,73.66
40,0.554,0.712,0.416,0.176,0.2,0.136,1.28,1.28,0.1,0,1.28,1.28,0,1,100,6.36,100,100,100,100,1,0,1,3,crop,1,agricultural_burn,30.51,72.14
-1,0.593,0.656,0.416,0.184,0.224,0.156,2.47,2.47,0.1,0,2.47,2.47,0,1,100,41.04,100,100,100,100,1,0,1,4,other,,unknown,30.54,71.69
-1,0.535,0.672,0.432,0.208,0.2,0.132,2.38,2.38,0.1,0,2.38,2.38,0,1,100,21.12,100,100,100,100,1,0,1,4,other,,unknown,30.71,71.9
10,0.49,0.608,0.368,0.184,-1,-1,3.08,3.08,0.1,0,3.08,3.08,0,1,100,11.07,100,100,100,100,1,0,1,0,forest,3,wildfire,31.3,72.22
40,0.576,0.752,0.384,0.104,0.188,0.116,3.52,3.52,0.1,0,3.52,3.52,0,1,100,2.69,100,100,100,100,1,0,1,3,crop,0,industrial_fire,31.77,74.16
10,0.773,0.312,0.16,0.112,0.3,0.26,10.89,10.89,0.1,0,10.89,10.89,0,1,100,100,100,100,100,100,-1,0,1,0,forest,3,wildfire,31.98,70.33
20,0.761,0.36,0.176,0.12,0.296,0.252,6,6,0.1,0,6,6,0,1,100,21.14,100,36.87,100,100,6,0,1,2,shrubland,3,wildfire,32.79,72.26
50,0.691,0.28,0.184,0.128,0.26,0.232,2.76,2.76,0.1,0,2.76,2.76,0,1,10.55,0.75,100,17.78,100,100,6,0,1,4,other,0,industrial_fire,33.63,73.02
60,0.852,0.136,0.088,0.064,0.328,0.28,0.89,0.89,0.1,0,0.89,0.89,0,1,100,100,100,100,100,100,-1,0,1,4,other,1,agricultural_burn,30.07,96.98
30,0.586,0.824,0.68,0.256,0.244,0.132,1.76,1.76,0.1,0,1.76,1.76,0,1,100,100,100,100,100,100,-1,0,1,1,grassland,3,wildfire,20.87,96.39
80,0.61,0.152,0.032,-0.056,0.172,0.148,2.19,2.19,0.1,0,2.19,2.19,0,1,100,5.41,100,1.1,100,100,3,0,1,4,other,2,mining_activity,20.96,85.17
10,0.624,0.24,0.056,-0.008,0.18,0.148,3.1,3.1,0.1,0,3.1,3.1,0,1,100,5.26,100,0.9,100,100,3,0,1,0,forest,2,mining_activity,20.97,85.18
30,0.646,0.544,0.304,0.168,0.248,0.188,2.12,2.12,0.1,0,2.12,2.12,0,1,30.95,2.93,100,0.62,26.76,100,6,0,1,1,grassland,0,industrial_fire,21.58,96.23
10,0.449,0.752,0.528,0.304,0.184,0.116,2.17,2.17,0.1,0,2.17,2.17,0,1,24.78,0.94,100,7.19,100,11.67,6,0,1,0,forest,0,industrial_fire,22.48,91.73
30,0.526,0.56,0.4,0.224,0.2,0.12,1.85,1.85,0.1,0,1.85,1.85,0,1,100,3.12,100,25.22,100,100,1,0,1,1,grassland,0,industrial_fire,20.76,85.3
30,0.547,0.56,0.416,0.224,0.212,0.128,2.11,2.11,0.1,0,2.11,2.11,0,1,100,3.92,100,24.57,100,100,1,0,1,1,grassland,0,industrial_fire,20.76,85.29
10,0.528,0.584,0.376,0.112,0.164,0.1,2.09,2.09,0.1,0,2.09,2.09,0,1,100,0.7,100,18.51,100,100,1,0,1,0,forest,0,industrial_fire,20.8,85.25
50,0.578,0.512,0.28,0.112,0.192,0.144,1.68,2.44,0.3,-0.16,1.73,2.44,1.42,3,100,1.83,100,100,100,100,1,1,3,4,other,0,industrial_fire,32.09,74.16
50,0.61,0.08,0.032,-0.04,0.172,0.164,1.58,1.58,0.1,0,1.58,1.58,0,1,100,0.53,100,100,100,100,1,0,1,4,other,0,industrial_fire,32.13,74.18
50,0.71,0.456,0.24,0.144,0.276,0.216,2.07,2.12,0.2,-0.1,2.07,2.12,-0.1,2,100,0.4,100,2.91,100,100,1,1,2,4,other,0,industrial_fire,32.64,72.98
60,0.84,0.104,0.08,0.048,0.316,0.304,1.73,1.73,0.1,0,1.73,1.73,0,1,100,100,100,100,100,100,-1,0,1,4,other,1,agricultural_burn,32.66,70.47
60,0.631,0.2,0.12,0.072,0.208,0.18,1.12,1.12,0.1,0,1.12,1.12,0,1,100,19.02,100,47.69,100,100,1,0,1,4,other,1,agricultural_burn,33.9,71.92
40,0.49,0.704,0.464,0.176,0.164,0.1,1.9,1.9,0.1,0,1.9,1.9,0,1,100,3.46,100,8.58,100,100,1,0,1,3,crop,0,industrial_fire,23.62,86.79
40,0.71,0.56,0.328,0.192,0.292,0.224,1.69,1.69,0.1,0,1.69,1.69,0,1,100,1.97,100,32.52,100,100,6,0,1,3,crop,0,industrial_fire,23.93,72.36
60,0.598,0.544,0.312,0.152,0.216,0.156,1.08,1.23,0.2,-0.3,1.08,1.23,-0.3,2,100,0.49,100,17.74,100,100,1,1,2,4,other,0,industrial_fire,26.76,83.2
60,0.842,0.288,0.152,0.096,0.404,0.348,1.1,1.1,0.1,0,1.1,1.1,0,1,100,6.88,100,1.05,100,100,3,0,1,4,other,2,mining_activity,26.93,73.47
50,0.535,0.12,0.072,0.016,0.136,0.12,1.56,1.56,0.1,0,1.56,1.56,0,1,15.53,0.76,100,7.51,23.11,100,1,0,1,4,other,0,industrial_fire,18.68,73.04
80,0.451,0.424,0.216,0.12,0.124,0.076,1.53,1.56,0.2,0.06,1.53,1.56,0.06,2,16.08,1.49,100,8.43,22.58,100,1,1,2,4,other,0,industrial_fire,18.68,73.03
60,0.514,0.12,0.072,0.016,0.124,0.104,0.74,0.74,0.1,0,0.74,0.74,0,1,17.02,0.97,100,7.97,21.61,100,1,0,1,4,other,0,industrial_fire,18.69,73.03
40,0.617,0.592,0.336,0.168,0.232,0.164,2.58,2.58,0.1,0,2.58,2.58,0,1,100,16.68,100,3.4,100,100,3,0,1,3,crop,2,mining_activity,18.96,73.94
40,0.514,0.544,0.352,0.184,0.18,0.12,1.07,1.07,0.1,0,1.07,1.07,0,1,100,1.53,100,20.92,100,100,1,0,1,3,crop,0,industrial_fire,20.78,85.26
50,0.552,0.16,0.064,0,0.14,0.12,1.07,1.07,0.1,0,1.07,1.07,0,1,100,0.58,100,20.02,100,100,1,0,1,4,other,0,industrial_fire,20.79,85.26
50,0.552,0.176,0.08,0,0.14,0.112,1.25,1.25,0.1,0,1.25,1.25,0,1,100,0.75,100,19.14,100,100,6,0,1,4,other,0,industrial_fire,20.8,85.26
50,0.523,0.472,0.28,0.096,0.156,0.1,2.64,2.64,0.1,0,2.64,2.64,0,1,100,0.76,100,18.29,100,100,6,0,1,4,other,0,industrial_fire,20.81,85.26
50,0.602,0.144,0.088,0.048,0.184,0.156,1.49,1.49,0.1,0,1.49,1.49,0,1,2.32,1.35,100,7.01,0.28,100,6,0,1,4,other,0,industrial_fire,22.32,69.88
20,0.739,0.336,0.168,0.096,0.276,0.224,1.71,2.63,0.2,1.84,1.71,2.63,1.84,2,100,0.66,100,21.76,100,100,6,1,2,2,shrubland,0,industrial_fire,22.42,69.04
20,0.643,0.456,0.176,0.088,0.22,0.18,1.62,1.62,0.1,0,1.62,1.62,0,1,100,0.64,100,20.74,100,100,1,0,1,2,shrubland,0,industrial_fire,23.31,70.49
40,0.737,0.52,0.168,0.088,0.272,0.228,1.21,1.21,0.1,0,1.21,1.21,0,1,100,0.31,100,19.77,100,100,1,0,1,3,crop,0,industrial_fire,23.32,70.49
40,0.614,0.464,0.304,0.16,0.228,0.156,0.91,0.91,0.1,0,0.91,0.91,0,1,100,0.67,100,24.99,100,100,1,0,1,3,crop,0,industrial_fire,13.72,79.62
10,0.358,0.752,0.664,0.456,0.184,0.104,1.27,1.27,0.1,0,1.27,1.27,0,1,100,12.99,100,20.78,100,100,1,0,1,0,forest,3,wildfire,13.85,79.25
50,0.511,0.16,0.064,0.032,0.128,0.124,1.14,1.14,0.1,0,1.14,1.14,0,1,100,1.41,100,1.96,100,100,6,0,1,4,other,0,industrial_fire,15.17,76.66
60,0.533,0.192,0.104,0.032,0.14,0.124,1.55,1.55,0.1,0,1.55,1.55,0,1,100,1.98,100,2.88,100,100,6,0,1,4,other,0,industrial_fire,15.17,76.65
60,0.658,0.584,0.256,0.136,0.244,0.188,0.8,0.8,0.1,0,0.8,0.8,0,1,100,0.97,100,3.39,100,100,6,0,1,4,other,0,industrial_fire,15.3,76.22
30,0.389,-1,-1,-1,0.216,0.172,0.78,0.78,0.1,0,0.78,0.78,0,1,100,0.57,100,2.54,100,100,1,0,1,1,grassland,0,industrial_fire,15.33,76.25
10,0.61,0.344,0.248,0.144,0.22,0.18,4.91,4.91,0.1,0,4.91,4.91,0,1,100,2.96,100,100,100,45.48,6,0,1,0,forest,0,industrial_fire,24,90.31
10,0.382,0.784,0.68,0.512,0.216,0.112,4.66,4.66,0.1,0,4.66,4.66,0,1,100,100,100,100,100,100,-1,0,1,0,forest,3,wildfire,7.58,80.85
40,0.598,0.736,0.336,0.152,0.216,0.14,2.22,2.22,0.1,0,2.22,2.22,0,1,100,100,100,100,100,100,-1,0,1,3,crop,1,agricultural_burn,7.69,81.61
30,0.271,0.848,0.784,0.624,0.192,0.088,4.18,4.18,0.1,0,4.18,4.18,0,1,100,100,100,100,100,100,-1,0,1,1,grassland,3,wildfire,7.78,80.72
10,0.626,0.704,0.512,0.344,0.296,0.184,10.06,10.06,0.1,0,10.06,10.06,0,1,100,100,100,100,100,100,-1,0,1,0,forest,3,wildfire,7.78,81.41
10,0.67,0.688,0.496,0.32,0.312,0.196,2.58,2.58,0.1,0,2.58,2.58,0,1,100,100,100,100,100,100,-1,0,1,0,forest,3,wildfire,7.78,81.42
40,0.547,0.776,0.344,0.128,0.18,0.112,7.89,7.89,0.1,0,7.89,7.89,0,1,100,100,100,100,100,100,-1,0,1,3,crop,1,agricultural_burn,7.79,81.56
40,0.581,0.768,0.432,0.264,0.244,0.16,3.48,3.48,0.1,0,3.48,3.48,0,1,100,100,100,100,100,100,-1,0,1,3,crop,1,agricultural_burn,7.89,81.43
40,0.66,0.736,0.432,0.288,0.296,0.196,9.96,9.96,0.1,0,9.96,9.96,0,1,100,100,100,100,100,100,-1,0,1,3,crop,1,agricultural_burn,7.91,81.44
10,0.566,0.72,0.448,0.264,0.236,0.148,3.47,3.47,0.1,0,3.47,3.47,0,1,100,100,100,100,100,100,-1,0,1,0,forest,3,wildfire,7.93,81.38
30,0.49,0.808,0.656,0.488,0.268,0.148,2.31,2.31,0.1,0,2.31,2.31,0,1,100,100,100,100,100,100,-1,0,1,1,grassland,3,wildfire,7.99,81.45
40,0.466,0.76,0.544,0.312,0.196,0.116,2.58,2.58,0.1,0,2.58,2.58,0,1,100,14.64,100,11.47,100,100,6,0,1,3,crop,1,agricultural_burn,8,80.38
10,0.317,0.808,0.728,0.56,0.196,0.1,5.76,5.76,0.1,0,5.76,5.76,0,1,100,100,100,100,100,100,-1,0,1,0,forest,3,wildfire,8.08,81.35
30,0.54,0.736,0.536,0.368,0.256,0.156,2.35,2.35,0.1,0,2.35,2.35,0,1,100,100,100,100,100,100,-1,0,1,1,grassland,3,wildfire,8.13,81.33
40,0.566,0.736,0.424,0.264,0.236,0.152,5.7,5.7,0.1,0,5.7,5.7,0,1,100,100,100,100,100,100,-1,0,1,3,crop,1,agricultural_burn,8.15,81.33
10,0.422,0.792,0.648,0.552,0.252,0.148,5.72,5.72,0.1,0,5.72,5.72,0,1,100,100,100,100,100,100,-1,0,1,0,forest,3,wildfire,8.16,81.32
40,0.497,0.752,0.52,0.392,0.24,0.148,2.18,2.18,0.1,0,2.18,2.18,0,1,100,100,100,100,100,100,-1,0,1,3,crop,1,agricultural_burn,8.16,81.33
10,0.226,0.872,0.8,0.688,0.188,0.088,3.74,3.74,0.1,0,3.74,3.74,0,1,100,100,100,100,100,100,-1,0,1,0,forest,3,wildfire,8.19,81.22
50,0.377,0.784,0.648,0.496,0.208,0.12,3.16,3.16,0.1,0,3.16,3.16,0,1,100,21.17,100,31.76,100,100,6,0,1,4,other,,unknown,8.37,80.51
10,0.348,0.808,0.696,0.496,0.192,0.1,9.27,9.27,0.1,0,9.27,9.27,0,1,100,100,100,30.87,100,100,3,0,1,0,forest,3,wildfire,8.9,80.48
40,0.586,0.656,0.272,0.136,0.204,0.156,2.82,2.82,0.1,0,2.82,2.82,0,1,100,0.54,100,6.39,100,100,1,0,1,3,crop,0,industrial_fire,8.95,77.91
40,0.586,0.544,0.32,0.16,0.212,0.16,5.56,5.56,0.1,0,5.56,5.56,0,1,100,4.92,100,20.95,100,100,6,0,1,3,crop,1,agricultural_burn,9.13,77.85
20,0.59,0.664,0.344,0.2,0.228,0.172,8.89,8.89,0.1,0,8.89,8.89,0,1,100,4.84,100,9.13,100,100,1,0,1,2,shrubland,3,wildfire,9.24,77.81
40,0.624,0.632,0.352,0.192,0.244,0.176,10.83,10.83,0.1,0,10.83,10.83,0,1,100,3.54,100,20.63,100,100,1,0,1,3,crop,0,industrial_fire,9.27,77.95
40,0.595,0.696,0.368,0.168,0.22,0.152,3.08,3.08,0.1,0,3.08,3.08,0,1,100,18.07,100,28.77,100,100,6,0,1,3,crop,1,agricultural_burn,9.45,80.49
40,0.538,0.728,0.384,0.168,0.188,0.12,0.91,0.91,0.1,0,0.91,0.91,0,1,100,15.66,100,27.43,100,100,6,0,1,3,crop,1,agricultural_burn,9.46,80.47
30,0.598,0.56,0.376,0.224,0.24,0.172,6.26,6.26,0.1,0,6.26,6.26,0,1,100,1.23,100,14.22,100,100,1,0,1,1,grassland,0,industrial_fire,9.83,77.77
20,0.617,0.584,0.384,0.288,0.272,0.18,2.2,2.2,0.1,0,2.2,2.2,0,1,100,8.53,100,18.76,100,100,1,0,1,2,shrubland,3,wildfire,9.94,78.59
50,0.703,0.624,0.384,0.216,0.296,0.22,4.86,4.86,0.1,0,4.86,4.86,0,1,4.8,4.55,100,4.33,100,100,6,0,1,4,other,0,industrial_fire,11.03,77.59
10,0.252,0.84,0.776,0.608,0.176,0.084,6.34,6.34,0.1,0,6.34,6.34,0,1,100,12.38,100,18.62,100,100,6,0,1,0,forest,3,wildfire,11.7,78.6
10,0.559,0.696,0.504,0.336,0.256,0.16,2.33,2.33,0.1,0,2.33,2.33,0,1,100,3.17,100,17.23,100,100,6,0,1,0,forest,0,industrial_fire,12.06,79.85
80,0.482,0.704,0.536,0.32,0.208,0.124,9.48,9.48,0.1,0,9.48,9.48,0,1,39.21,16.7,35.14,31.61,100,100,1,0,1,4,other,,unknown,12.09,77.76
10,0.528,0.688,0.448,0.256,0.212,0.132,2.8,2.8,0.1,0,2.8,2.8,0,1,100,6.63,100,4.54,100,100,3,0,1,0,forest,3,wildfire,12.2,79.72
40,0.506,0.704,0.472,0.28,0.208,0.132,3.56,3.56,0.1,0,3.56,3.56,0,1,100,2.87,100,34.97,100,100,1,0,1,3,crop,0,industrial_fire,12.3,78.82
40,0.578,0.672,0.448,0.304,0.256,0.16,3.1,3.1,0.1,0,3.1,3.1,0,1,100,9.28,100,8.06,100,100,3,0,1,3,crop,1,agricultural_burn,15.81,79.74
40,0.533,0.472,0.28,0.152,0.18,0.128,8.72,8.72,0.1,0,8.72,8.72,0,1,100,2.65,100,100,100,100,1,0,1,3,crop,0,industrial_fire,17.36,75.2
60,0.509,0.616,0.336,0.096,0.148,0.104,2.79,2.85,0.2,0.12,2.79,2.85,0.12,2,100,0.41,100,4.27,100,100,1,1,2,4,other,0,industrial_fire,22.8,86.09
10,0.514,0.56,0.368,0.16,0.172,0.12,6.96,11.97,0.2,10.02,6.96,11.97,10.02,2,100,0.66,100,19.41,100,100,1,1,2,0,forest,0,industrial_fire,20.79,85.25
60,0.619,0.336,0.12,0.008,0.18,0.148,9.71,9.71,0.1,0,9.71,9.71,0,1,100,3.76,100,1.02,100,100,3,0,1,4,other,0,industrial_fire,20.96,85.19
60,0.871,0.12,0.08,0.048,0.416,0.396,6.8,6.8,0.1,0,6.8,6.8,0,1,100,26.72,100,49.5,100,100,1,0,1,4,other,1,agricultural_burn,26.63,70.39
10,0.586,0.504,0.344,0.28,0.252,0.184,5,5,0.1,0,5,5,0,1,100,39.87,100,100,100,100,6,0,1,0,forest,3,wildfire,27.73,68.74
10,0.48,0.52,0.424,0.336,0.212,0.14,5,5,0.1,0,5,5,0,1,100,40.84,100,100,100,100,6,0,1,0,forest,3,wildfire,27.73,68.73
10,0.442,0.712,0.552,0.328,0.188,0.112,7.28,7.28,0.1,0,7.28,7.28,0,1,100,8.3,100,3.99,100,100,3,0,1,0,forest,2,mining_activity,31.07,74.01
10,0.516,0.68,0.408,0.216,0.192,0.14,7.07,7.07,0.1,0,7.07,7.07,0,1,100,5.85,100,20.95,100,100,6,0,1,0,forest,3,wildfire,31.58,75.89
30,0.778,0.208,0.128,0.104,0.3,0.252,1.68,1.68,0.1,0,1.68,1.68,0,1,100,100,100,100,100,100,-1,0,1,1,grassland,3,wildfire,35.53,68.24
40,0.461,0.528,0.24,0.056,0.108,0.068,4.29,4.29,0.1,0,4.29,4.29,0,1,100,10.25,100,6.68,100,100,6,0,1,3,crop,1,agricultural_burn,25.02,92.04
10,0.55,0.408,0.24,0.16,0.192,0.148,2.08,2.18,0.2,0.2,2.08,2.18,0.2,2,0.84,0.47,100,100,100,100,1,1,2,0,forest,0,industrial_fire,29.46,76.87
50,0.708,0.464,0.248,0.088,0.256,0.212,15.45,15.45,0.1,0,15.45,15.45,0,1,0.93,2.21,100,100,100,100,0,0,1,4,other,0,industrial_fire,29.91,74.95
40,0.667,0.752,0.416,0.096,0.236,0.164,15.45,15.45,0.1,0,15.45,15.45,0,1,1.49,2.38,100,100,100,100,0,0,1,3,crop,0,industrial_fire,29.91,74.94
50,0.624,0.176,0.12,0.024,0.188,0.16,1.04,1.04,0.1,0,1.04,1.04,0,1,100,0.57,100,100,100,100,1,0,1,4,other,0,industrial_fire,32.1,74.18
30,0.667,0.328,0.216,0.168,0.26,0.216,1.65,1.65,0.1,0,1.65,1.65,0,1,100,100,100,100,100,100,-1,0,1,1,grassland,3,wildfire,35.78,71.34
60,0.71,0.304,0.128,0.096,0.26,0.232,1.35,1.62,0.2,-0.54,1.35,1.62,-0.54,2,100,100,100,100,100,100,-1,1,2,4,other,1,agricultural_burn,35.97,68.68
60,0.511,0.216,0.12,0.056,0.136,0.1,0.95,0.95,0.1,0,0.95,0.95,0,1,1.67,0.85,100,100,100,100,1,0,1,4,other,0,industrial_fire,21.11,72.63
60,0.526,0.552,0.344,0.128,0.168,0.116,2.15,3.38,0.4,-0.32,1.65,2.36,1.42,4,100,0.62,100,100,100,100,1,2,4,4,other,0,industrial_fire,22.36,87.3
40,0.653,0.32,0.208,0.144,0.244,0.2,1.73,1.73,0.1,0,1.73,1.73,0,1,100,0.46,100,6.62,100,100,1,0,1,3,crop,0,industrial_fire,23.12,70.08
10,0.516,0.648,0.344,0.144,0.168,0.112,0.31,0.31,0.1,0,0.31,0.31,0,1,100,4.63,100,2.33,100,100,3,0,1,0,forest,2,mining_activity,23.56,87.08
40,0.614,0.536,0.384,0.232,0.252,0.18,1.67,1.67,0.1,0,1.67,1.67,0,1,30.57,1.14,100,17.52,100,40.88,6,0,1,3,crop,0,industrial_fire,13.39,80.1
10,0.374,0.712,0.6,0.416,0.18,0.108,1.24,1.24,0.1,0,1.24,1.24,0,1,100,14.04,100,20.67,100,100,1,0,1,0,forest,3,wildfire,13.83,79.26
30,0.468,0.544,0.352,0.176,0.152,0.112,1.05,1.21,0.2,0.32,1.05,1.21,0.32,2,100,0.34,100,4.33,100,100,1,1,2,1,grassland,0,industrial_fire,15.17,76.38
50,0.545,0.192,0.104,0.048,0.152,0.144,2.47,2.47,0.1,0,2.47,2.47,0,1,100,1.55,100,1.3,100,100,6,0,1,4,other,0,industrial_fire,15.17,76.67
20,0.602,0.456,0.248,0.096,0.2,0.156,1.07,1.07,0.1,0,1.07,1.07,0,1,100,3.11,100,1.96,100,100,3,0,1,2,shrubland,0,industrial_fire,15.17,76.69
50,0.511,0.128,0.064,0.032,0.128,0.124,1.44,1.57,0.2,-0.27,1.44,1.57,-0.27,2,100,1.43,100,3.5,100,100,6,1,2,4,other,0,industrial_fire,15.18,76.65
10,0.502,0.552,0.336,0.144,0.16,0.124,1.07,1.15,0.2,-0.17,1.07,1.15,-0.17,2,100,0.98,100,1.73,100,100,6,1,2,0,forest,0,industrial_fire,15.33,76.28
20,0.598,0.656,0.432,0.248,0.248,0.156,1.41,1.41,0.1,0,1.41,1.41,0,1,100,7.29,100,8.38,100,100,1,0,1,2,shrubland,3,wildfire,15.84,79.77
40,0.617,0.616,0.384,0.216,0.248,0.164,1.2,1.2,0.1,0,1.2,1.2,0,1,100,7.12,100,9.03,100,100,1,0,1,3,crop,1,agricultural_burn,15.85,79.78
30,0.631,0.528,0.176,-0.256,0.184,0.116,2.6,2.6,0.1,0,2.6,2.6,0,1,100,4.77,100,27.53,100,100,1,0,1,1,grassland,3,wildfire,15.93,78.26
40,0.538,0.56,0.368,0.192,0.196,0.136,1.22,1.22,0.1,0,1.22,1.22,0,1,100,3.32,100,15.3,100,100,6,0,1,3,crop,0,industrial_fire,16.65,74.31
50,0.59,0.56,0.296,0.128,0.204,0.152,0.9,0.9,0.1,0,0.9,0.9,0,1,100,0.26,100,3.95,100,39.47,1,0,1,4,other,0,industrial_fire,17.37,77.45
10,0.629,0.36,0.248,0.16,0.236,0.176,1.53,1.53,0.1,0,1.53,1.53,0,1,100,7.8,100,0.63,100,100,3,0,1,0,forest,2,mining_activity,17.46,80.65
30,0.78,0.544,0.344,0.184,0.328,0.228,2.34,2.34,0.1,0,2.34,2.34,0,1,100,0.13,100,4.09,100,100,1,0,1,1,grassland,0,industrial_fire,8.3,77.64
10,0.427,0.776,0.584,0.4,0.204,0.116,1.51,1.51,0.1,0,1.51,1.51,0,1,100,46.77,100,46.49,100,100,6,0,1,0,forest,3,wildfire,8.41,80.75
40,0.497,0.664,0.488,0.296,0.208,0.132,1.32,1.32,0.1,0,1.32,1.32,0,1,100,0.93,100,6.13,100,100,1,0,1,3,crop,0,industrial_fire,9.49,77.62
30,0.818,0.584,0.256,0.136,0.336,0.272,0.34,0.34,0.1,0,0.34,0.34,0,1,48.31,0.3,100,16.18,100,100,1,0,1,1,grassland,0,industrial_fire,10.59,77.43
10,0.43,0.72,0.608,0.384,0.2,0.124,0.44,0.44,0.1,0,0.44,0.44,0,1,26.33,4.38,100,6.43,100,100,1,0,1,0,forest,3,wildfire,11.11,77.77
40,0.648,0.648,0.424,0.224,0.268,0.192,1.02,1.02,0.1,0,1.02,1.02,0,1,24.41,8.39,49.76,29.01,100,20.82,1,0,1,3,crop,1,agricultural_burn,12.24,78.06
30,0.751,0.536,0.36,0.232,0.328,0.236,0.22,0.22,0.1,0,0.22,0.22,0,1,100,3.48,100,2.31,100,47.6,6,0,1,1,grassland,0,industrial_fire,12.65,77.79
40,0.617,0.624,0.48,0.312,0.28,0.188,0.66,0.66,0.1,0,0.66,0.66,0,1,100,4.18,100,2.06,100,100,6,0,1,3,crop,2,mining_activity,12.92,77.42
80,0.478,0.776,0.64,0.448,0.248,0.136,4.56,4.56,0.1,0,4.56,4.56,0,1,100,100,100,100,100,100,-1,0,1,4,other,,unknown,6.27,81.06
30,0.437,0.776,0.68,0.48,0.236,0.128,3.29,3.29,0.1,0,3.29,3.29,0,1,100,100,100,100,100,100,-1,0,1,1,grassland,3,wildfire,6.72,81.53
30,0.439,-1,-1,-1,0.244,0.14,1.81,1.81,0.1,0,1.81,1.81,0,1,100,100,100,100,100,100,-1,0,1,1,grassland,3,wildfire,6.74,81.51
10,0.382,-1,-1,-1,0.212,0.108,3.79,3.79,0.1,0,3.79,3.79,0,1,100,100,100,100,100,100,-1,0,1,0,forest,3,wildfire,6.83,81.44
30,0.29,0.816,0.76,0.64,0.208,0.104,5,5,0.1,0,5,5,0,1,100,100,100,100,100,100,-1,0,1,1,grassland,3,wildfire,6.87,81.49
10,0.334,0.808,0.744,0.592,0.216,0.112,3.51,3.51,0.1,0,3.51,3.51,0,1,100,100,100,100,100,100,-1,0,1,0,forest,3,wildfire,6.88,81.46
10,0.298,0.816,0.76,0.64,0.212,0.108,5.41,5.41,0.1,0,5.41,5.41,0,1,100,100,100,100,100,100,-1,0,1,0,forest,3,wildfire,7.05,81.47
30,0.706,0.576,0.312,0.152,0.276,0.188,6.87,6.87,0.1,0,6.87,6.87,0,1,100,100,100,100,100,100,-1,0,1,1,grassland,3,wildfire,7.12,81.83
40,0.554,0.752,0.28,0.104,0.176,0.112,9.28,9.28,0.1,0,9.28,9.28,0,1,100,100,100,100,100,100,-1,0,1,3,crop,1,agricultural_burn,7.2,81.81
40,0.562,0.784,0.256,0.104,0.18,0.12,3.31,3.31,0.1,0,3.31,3.31,0,1,100,100,100,100,100,100,-1,0,1,3,crop,1,agricultural_burn,7.3,81.83
40,0.521,0.744,0.272,0.112,0.16,0.1,5.45,5.45,0.1,0,5.45,5.45,0,1,100,100,100,100,100,100,-1,0,1,3,crop,1,agricultural_burn,7.36,81.82
40,0.641,0.672,0.344,0.2,0.256,0.172,2.51,2.51,0.1,0,2.51,2.51,0,1,100,100,100,100,100,100,-1,0,1,3,crop,1,agricultural_burn,7.59,81.69
10,0.422,0.816,0.576,0.36,0.188,0.104,3.95,3.95,0.1,0,3.95,3.95,0,1,100,42.07,100,38.43,100,100,6,0,1,0,forest,3,wildfire,7.93,80.62
10,0.317,0.816,0.712,0.584,0.204,0.104,5.41,5.41,0.1,0,5.41,5.41,0,1,100,100,100,100,100,100,6,0,1,0,forest,3,wildfire,8.41,80.83
10,0.497,0.744,0.568,0.344,0.224,0.132,3.26,3.26,0.1,0,3.26,3.26,0,1,100,18.93,100,22.58,100,100,6,0,1,0,forest,3,wildfire,8.43,80.34
30,0.446,0.752,0.576,0.392,0.212,0.12,5.61,5.61,0.1,0,5.61,5.61,0,1,100,100,100,48.28,100,100,3,0,1,1,grassland,3,wildfire,8.53,80.82
10,0.53,0.768,0.528,0.336,0.24,0.148,2.27,2.27,0.1,0,2.27,2.27,0,1,100,100,100,43.48,100,100,3,0,1,0,forest,3,wildfire,8.55,80.78
40,0.43,0.712,0.432,0.264,0.16,0.096,5.17,5.17,0.1,0,5.17,5.17,0,1,100,2.04,100,20.6,100,100,1,0,1,3,crop,0,industrial_fire,8.57,78.08
10,0.262,0.816,0.768,0.64,0.192,0.088,28.26,28.26,0.1,0,28.26,28.26,0,1,100,100,100,100,100,100,-1,0,1,0,forest,3,wildfire,8.64,80.93
30,0.283,0.808,0.736,0.592,0.188,0.092,5.4,5.4,0.1,0,5.4,5.4,0,1,100,40.26,100,15.01,100,100,3,0,1,1,grassland,3,wildfire,8.68,80.26
30,0.655,0.656,0.304,0.128,0.24,0.172,3.26,3.26,0.1,0,3.26,3.26,0,1,100,5.33,100,7.24,100,100,1,0,1,1,grassland,3,wildfire,8.71,77.97
40,0.66,0.64,0.304,0.144,0.248,0.18,3.26,3.26,0.1,0,3.26,3.26,0,1,100,4.92,100,8.1,100,100,1,0,1,3,crop,1,agricultural_burn,8.71,77.98
20,0.66,0.64,0.304,0.144,0.248,0.18,4.69,4.69,0.1,0,4.69,4.69,0,1,100,3.86,100,8.8,100,100,1,0,1,2,shrubland,0,industrial_fire,8.72,77.98
10,0.262,0.84,0.776,0.616,0.184,0.084,6.65,6.65,0.1,0,6.65,6.65,0,1,100,100,100,40.5,100,100,3,0,1,0,forest,3,wildfire,8.73,80.75
60,0.581,0.568,0.4,0.264,0.244,0.168,5.48,5.48,0.1,0,5.48,5.48,0,1,100,4.17,100,18.08,100,100,6,0,1,4,other,1,agricultural_burn,8.73,78.11
20,0.667,0.368,0.24,0.168,0.26,0.208,2.63,2.63,0.1,0,2.63,2.63,0,1,100,2.99,100,11.7,100,100,6,0,1,2,shrubland,0,industrial_fire,8.79,78.11
30,0.643,0.672,0.36,0.136,0.236,0.168,3.18,3.18,0.1,0,3.18,3.18,0,1,100,0.48,100,5.05,100,100,1,0,1,1,grassland,0,industrial_fire,8.85,78.04
10,0.259,0.8,0.728,0.632,0.188,0.092,5.92,5.92,0.1,0,5.92,5.92,0,1,100,43.28,100,30.88,100,100,3,0,1,0,forest,3,wildfire,8.91,80.35
40,0.444,0.776,0.536,0.336,0.192,0.116,7.44,7.44,0.1,0,7.44,7.44,0,1,100,100,100,37.33,100,100,3,0,1,3,crop,1,agricultural_burn,8.91,80.59
40,0.629,0.608,0.344,0.208,0.252,0.188,3.48,3.48,0.1,0,3.48,3.48,0,1,100,0.32,100,8.01,100,100,1,0,1,3,crop,0,industrial_fire,8.99,77.82
40,0.442,0.76,0.632,0.424,0.22,0.132,2.99,5.74,0.2,5.5,2.99,5.74,5.5,2,100,100,100,100,100,100,-1,1,2,3,crop,1,agricultural_burn,9,80.67
10,0.384,0.784,0.648,0.472,0.204,0.108,6.56,6.56,0.1,0,6.56,6.56,0,1,100,100,100,40.82,100,100,3,0,1,0,forest,3,wildfire,9.05,80.5
40,0.49,0.744,0.48,0.32,0.212,0.136,2.82,2.82,0.1,0,2.82,2.82,0,1,100,44.68,100,21.05,100,100,3,0,1,3,crop,1,agricultural_burn,9.14,80.27
40,0.434,0.744,0.584,0.4,0.208,0.124,71.88,71.88,0.1,0,71.88,71.88,0,1,100,100,100,100,100,100,-1,0,1,3,crop,1,agricultural_burn,9.15,80.72
10,0.317,0.808,0.712,0.488,0.172,0.084,33.78,33.78,0.1,0,33.78,33.78,0,1,100,100,100,100,100,100,-1,0,1,0,forest,3,wildfire,9.16,80.72
40,0.61,0.64,0.32,0.168,0.228,0.176,9.06,9.06,0.1,0,9.06,9.06,0,1,100,5.35,100,11.8,100,100,6,0,1,3,crop,1,agricultural_burn,9.19,77.79
10,0.48,0.648,0.48,0.336,0.212,0.128,4.51,4.51,0.1,0,4.51,4.51,0,1,100,100,100,100,100,100,-1,0,1,0,forest,3,wildfire,9.24,80.79
20,0.504,0.68,0.488,0.368,0.236,0.156,7.43,7.43,0.1,0,7.43,7.43,0,1,100,3.22,100,25.36,100,100,1,0,1,2,shrubland,0,industrial_fire,9.28,78.39
10,0.569,0.664,0.416,0.272,0.24,0.164,2.22,2.22,0.1,0,2.22,2.22,0,1,100,2.89,100,26.45,100,100,1,0,1,0,forest,0,industrial_fire,9.28,78.4
40,0.622,0.68,0.384,0.232,0.256,0.176,2.22,2.22,0.1,0,2.22,2.22,0,1,100,1.79,100,26.31,100,100,1,0,1,3,crop,0,industrial_fire,9.29,78.4
20,0.542,0.688,0.464,0.328,0.244,0.16,3.83,3.83,0.1,0,3.83,3.83,0,1,100,1.61,100,25.13,100,100,1,0,1,2,shrubland,0,industrial_fire,9.3,78.39
40,0.698,0.488,0.264,0.104,0.256,0.2,3.75,3.75,0.1,0,3.75,3.75,0,1,100,9.33,100,29.11,100,100,1,0,1,3,crop,1,agricultural_burn,9.37,78.62
40,0.583,0.744,0.384,0.176,0.216,0.148,5.18,5.18,0.1,0,5.18,5.18,0,1,100,14.81,100,21.01,100,100,1,0,1,3,crop,1,agricultural_burn,9.43,80.42
10,0.516,0.656,0.504,0.384,0.248,0.16,5.04,5.04,0.1,0,5.04,5.04,0,1,100,2.5,100,29.47,100,100,1,0,1,0,forest,0,industrial_fire,9.57,80.37
10,0.576,0.36,0.216,0.104,0.188,0.108,2.72,2.72,0.1,0,2.72,2.72,0,1,100,7.77,100,42.11,100,100,6,0,1,0,forest,3,wildfire,9.6,79.99
20,0.814,0.584,0.208,0.144,0.348,0.284,2.12,2.12,0.1,0,2.12,2.12,0,1,100,4.71,100,20.75,100,100,1,0,1,2,shrubland,3,wildfire,9.74,78.58
40,0.554,0.688,0.392,0.248,0.224,0.148,5.67,5.67,0.1,0,5.67,5.67,0,1,100,9.67,100,14.64,100,100,6,0,1,3,crop,1,agricultural_burn,9.74,78.35
60,0.775,0.392,0.272,0.192,0.328,0.252,1.63,1.63,0.1,0,1.63,1.63,0,1,100,19.46,100,47.93,100,100,6,0,1,4,other,1,agricultural_burn,9.76,80.26
20,0.775,0.64,0.296,0.208,0.34,0.244,1.87,1.87,0.1,0,1.87,1.87,0,1,100,2.76,100,5.07,100,100,6,0,1,2,shrubland,0,industrial_fire,9.88,78.47
10,0.391,0.728,0.568,0.4,0.184,0.104,5.4,5.4,0.1,0,5.4,5.4,0,1,100,2.33,100,3.42,100,100,6,0,1,0,forest,0,industrial_fire,9.93,78.07
40,0.581,0.624,0.456,0.24,0.236,0.156,2.94,2.94,0.1,0,2.94,2.94,0,1,100,0.85,100,2.4,100,100,1,0,1,3,crop,0,industrial_fire,9.95,78.19
40,0.557,0.712,0.496,0.328,0.252,0.168,0.94,0.94,0.1,0,0.94,0.94,0,1,100,6.8,100,7.57,100,100,1,0,1,3,crop,1,agricultural_burn,9.96,78.4
20,0.578,0.696,0.48,0.304,0.256,0.172,1.75,1.75,0.1,0,1.75,1.75,0,1,100,7.46,100,7.91,100,100,1,0,1,2,shrubland,3,wildfire,9.96,78.39
40,0.578,0.744,0.52,0.28,0.248,0.156,1.8,1.8,0.1,0,1.8,1.8,0,1,100,4.88,100,3.82,100,100,3,0,1,3,crop,2,mining_activity,10.07,78.37
30,0.674,0.608,0.424,0.24,0.288,0.2,2.93,2.93,0.1,0,2.93,2.93,0,1,100,3.67,100,3.89,100,100,1,0,1,1,grassland,0,industrial_fire,10.59,78.85
40,0.614,0.608,0.328,0.184,0.236,0.172,2.33,2.33,0.1,0,2.33,2.33,0,1,100,4.01,100,4.02,100,100,1,0,1,3,crop,1,agricultural_burn,10.81,78.81
40,0.586,0.656,0.504,0.304,0.26,0.18,3.3,3.3,0.1,0,3.3,3.3,0,1,35.92,3.69,100,3.47,100,100,3,0,1,3,crop,0,industrial_fire,11.25,77.77
10,0.574,0.72,0.496,0.288,0.248,0.164,3.31,3.31,0.1,0,3.31,3.31,0,1,100,4.14,100,19.07,100,100,1,0,1,0,forest,3,wildfire,11.62,79.67
90,0.444,0.584,0.352,0.144,0.128,0.068,2.69,2.69,0.1,0,2.69,2.69,0,1,100,1.7,100,12.66,100,100,1,0,1,4,other,0,industrial_fire,11.97,79.74
10,0.473,0.696,0.536,0.36,0.216,0.124,3.39,3.39,0.1,0,3.39,3.39,0,1,100,2.1,100,11.89,100,100,1,0,1,0,forest,0,industrial_fire,11.98,79.74
40,0.485,0.736,0.52,0.28,0.196,0.108,1.88,1.88,0.1,0,1.88,1.88,0,1,100,2.51,100,28.73,100,100,1,0,1,3,crop,0,industrial_fire,12.63,79.55
40,0.497,-1,-1,-1,0.276,0.196,6.55,6.55,0.1,0,6.55,6.55,0,1,100,7.24,100,29.73,100,100,6,0,1,3,crop,1,agricultural_burn,14.49,79.71
40,0.799,0.504,0.288,0.168,0.352,0.268,3.27,3.27,0.1,0,3.27,3.27,0,1,100,12.12,100,19.97,100,100,6,0,1,3,crop,1,agricultural_burn,14.59,77.66
20,0.629,0.624,0.456,0.28,0.276,0.176,12.84,12.84,0.1,0,12.84,12.84,0,1,100,6.18,100,14.37,100,100,1,0,1,2,shrubland,3,wildfire,14.66,75.65
20,0.641,0.632,0.456,0.296,0.288,0.188,12.84,12.84,0.1,0,12.84,12.84,0,1,100,6.7,100,15.38,100,100,1,0,1,2,shrubland,3,wildfire,14.66,75.66
10,0.629,0.672,0.432,0.208,0.252,0.16,3.81,3.81,0.1,0,3.81,3.81,0,1,100,2.72,100,15.98,100,100,1,0,1,0,forest,0,industrial_fire,14.66,79.55
10,0.641,0.544,0.392,0.248,0.272,0.192,21.57,21.57,0.1,0,21.57,21.57,0,1,100,8.1,100,100,100,100,1,0,1,0,forest,3,wildfire,15.09,79.78
40,0.734,0.472,0.24,0.152,0.292,0.22,4.34,4.34,0.1,0,4.34,4.34,0,1,100,6.61,100,44.03,100,100,6,0,1,3,crop,1,agricultural_burn,15.33,78.97
40,0.751,0.624,0.272,0.16,0.304,0.244,7.27,7.27,0.1,0,7.27,7.27,0,1,100,13.22,100,25.26,100,100,6,0,1,3,crop,1,agricultural_burn,15.64,79.59
40,0.545,0.672,0.488,0.288,0.232,0.144,4.96,4.96,0.1,0,4.96,4.96,0,1,100,3.25,100,15.62,100,36.74,6,0,1,3,crop,0,industrial_fire,15.73,79.84
30,0.746,0.36,0.176,-0.288,0.248,0.188,2.15,2.61,0.2,-0.93,2.15,2.61,-0.93,2,100,10.59,100,34.76,100,100,1,1,2,1,grassland,3,wildfire,15.99,78.4
40,0.804,0.52,0.312,0.16,0.336,0.252,10.46,10.46,0.1,0,10.46,10.46,0,1,100,7.3,100,47.19,100,100,1,0,1,3,crop,1,agricultural_burn,16.13,77.83
40,0.804,0.48,0.296,0.16,0.344,0.264,6.35,6.35,0.1,0,6.35,6.35,0,1,100,7.02,100,47.2,100,100,1,0,1,3,crop,1,agricultural_burn,16.14,77.83
50,0.576,0.184,0.08,0.008,0.156,0.128,3.23,3.23,0.1,0,3.23,3.23,0,1,100,0.68,100,10.39,100,100,6,0,1,4,other,0,industrial_fire,20.97,86.01
80,0.626,0.496,0.248,0.128,0.224,0.172,8.67,11.6,0.2,-5.86,8.67,11.6,-5.86,2,26.79,5.48,100,1.32,100,100,6,1,2,4,other,2,mining_activity,21.74,83.84
60,0.634,0.288,0.12,0.056,0.204,0.168,3.9,5.74,0.3,2.76,2.98,5.28,4.6,3,26.04,4.69,100,0.69,100,100,6,1,3,4,other,2,mining_activity,21.75,83.84
30,0.578,0.248,0.12,0.064,0.176,0.148,4.78,5.28,0.2,-1,4.78,5.28,-1,2,24.53,3.23,100,1.15,100,100,6,1,2,1,grassland,0,industrial_fire,21.76,83.85
20,0.842,0.256,0.136,0.096,0.392,0.348,2.03,2.03,0.1,0,2.03,2.03,0,1,100,26.34,100,30.05,100,100,6,0,1,2,shrubland,3,wildfire,27.43,70.86
60,0.538,0.248,0.16,0.104,-1,-1,2.26,2.26,0.1,0,2.26,2.26,0,1,100,100,100,100,100,100,-1,0,1,4,other,1,agricultural_burn,33.23,71.52
20,0.756,0.216,0.136,0.104,0.288,0.252,0.97,0.97,0.1,0,0.97,0.97,0,1,100,100,100,100,100,100,-1,0,1,2,shrubland,3,wildfire,33.24,71.51
50,0.708,0.248,0.168,0.112,0.264,0.236,1.18,1.44,0.2,0.53,1.18,1.44,0.53,2,100,0.5,100,1.72,100,100,6,1,2,4,other,0,industrial_fire,26.27,74.19
10,0.449,0.752,0.552,0.352,0.2,0.124,2.8,2.8,0.1,0,2.8,2.8,0,1,6.54,8.86,100,11.06,100,100,6,0,1,0,forest,0,industrial_fire,27.38,95.08
20,0.78,0.208,0.144,0.088,0.296,0.26,2.4,2.61,0.3,0.32,2.29,2.4,0.22,3,100,48.1,100,100,100,100,1,1,3,2,shrubland,3,wildfire,32.89,71.61
10,0.492,0.688,0.56,0.376,0.232,0.152,0.56,0.56,0.1,0,0.56,0.56,0,1,18.63,1.64,100,6.85,100,100,1,0,1,0,forest,0,industrial_fire,11.04,77.72
50,0.787,0.336,0.232,0.136,0.316,0.268,0.38,0.38,0.1,0,0.38,0.38,0,1,26.56,2.9,100,9.19,100,100,6,0,1,4,other,0,industrial_fire,11.14,77.35
80,-1,-1,-1,-1,-1,-1,0.97,1.49,0.2,-1.04,0.97,1.49,-1.04,2,100,25.17,100,100,100,100,1,1,2,4,other,,unknown,11.27,80.01
30,0.545,0.656,0.52,0.336,0.248,0.164,0.36,0.36,0.1,0,0.36,0.36,0,1,100,2.55,100,40.01,100,100,1,0,1,1,grassland,0,industrial_fire,11.54,77.22
10,0.49,0.592,0.424,0.272,0.196,0.144,1.31,1.99,0.3,1.02,0.97,1.2,0.46,3,32.13,0.51,0.54,15.94,100,100,1,1,3,0,forest,0,industrial_fire,11.81,77.92
10,0.547,0.592,0.432,0.248,0.22,0.164,0.87,1.06,0.2,0.39,0.87,1.06,0.39,2,31.3,0.35,0.64,16.27,100,100,1,1,2,0,forest,0,industrial_fire,11.82,77.92
40,0.595,0.64,0.464,0.288,0.26,0.168,0.53,0.53,0.1,0,0.53,0.53,0,1,100,5.05,100,14.66,100,100,6,0,1,3,crop,1,agricultural_burn,12.25,79.63
60,0.557,0.504,0.312,0.16,0.196,0.14,1.34,1.61,0.2,0.54,1.34,1.61,0.54,2,100,1.27,100,23.95,100,100,1,1,2,4,other,0,industrial_fire,13.71,79.62
10,0.775,0.56,0.336,0.208,0.336,0.24,0.97,0.97,0.1,0,0.97,0.97,0,1,100,10.96,100,14.67,100,100,1,0,1,0,forest,3,wildfire,13.89,77.03
20,0.643,0.552,0.36,0.232,0.268,0.2,0.8,0.8,0.1,0,0.8,0.8,0,1,100,6.48,100,20.34,100,100,6,0,1,2,shrubland,3,wildfire,13.9,76.56
60,0.715,0.08,0.04,0.016,0.236,0.204,3.61,3.86,0.3,-0.73,3.86,3.86,-0.01,3,100,2.6,100,1.98,100,100,3,1,3,4,other,0,industrial_fire,17.96,80.79
40,0.708,0.48,0.224,0.112,0.264,0.2,0.73,0.73,0.1,0,0.73,0.73,0,1,100,10.13,100,0.46,100,100,3,0,1,3,crop,2,mining_activity,19.82,79.24
60,0.605,0.592,0.328,0.152,0.22,0.156,1.25,1.25,0.1,0,1.25,1.25,0,1,100,1.2,100,0.55,100,100,6,0,1,4,other,0,industrial_fire,19.94,73.71
40,0.614,0.64,0.424,0.208,0.244,0.16,1.21,1.21,0.1,0,1.21,1.21,0,1,100,0.84,100,5.3,100,100,6,0,1,3,crop,0,industrial_fire,19.96,79.33
60,0.497,0.112,0.056,0.032,0.12,0.112,5.05,9.44,0.3,-3.84,6.33,9.44,6.22,3,2.39,1.03,100,100,100,100,6,1,3,4,other,0,industrial_fire,21.11,72.64
40,0.636,0.496,0.224,0.112,0.224,0.172,0.85,0.85,0.1,0,0.85,0.85,0,1,100,0.97,100,13.21,100,100,1,0,1,3,crop,0,industrial_fire,22.27,75.13
10,0.36,0.8,0.728,0.56,0.22,0.116,1.72,1.72,0.1,0,1.72,1.72,0,1,100,100,100,100,100,100,-1,0,1,0,forest,3,wildfire,6.85,81.46
40,0.382,0.792,0.616,0.44,0.192,0.1,1.8,1.8,0.1,0,1.8,1.8,0,1,100,100,100,100,100,100,-1,0,1,3,crop,1,agricultural_burn,7.97,81.1
10,0.365,0.808,0.696,0.552,0.22,0.112,1.72,1.72,0.1,0,1.72,1.72,0,1,100,100,100,100,100,100,6,0,1,0,forest,3,wildfire,8.12,80.8
10,0.602,0.656,0.424,0.24,0.248,0.168,0.44,0.44,0.1,0,0.44,0.44,0,1,100,4.29,100,7.65,100,100,1,0,1,0,forest,3,wildfire,8.67,77.99
10,0.662,0.632,0.336,0.176,0.26,0.188,0.43,0.43,0.1,0,0.43,0.43,0,1,100,2.22,100,7.66,100,100,6,0,1,0,forest,0,industrial_fire,8.85,78.13
60,0.67,0.368,0.232,0.152,0.256,0.208,1.33,1.33,0.1,0,1.33,1.33,0,1,100,0.72,100,1.24,100,100,6,0,1,4,other,0,industrial_fire,14.61,78.52
60,0.545,0.456,0.256,0.096,0.168,0.128,1.46,2.02,0.2,-1.13,1.46,2.02,-1.13,2,100,7.45,100,3.73,100,100,6,1,2,4,other,2,mining_activity,15.11,76.81
30,0.686,0.584,0.344,0.184,0.276,0.18,1.59,1.59,0.1,0,1.59,1.59,0,1,100,7.86,100,100,100,42.17,6,0,1,1,grassland,3,wildfire,15.13,79.96
30,0.533,0.344,0.192,0.08,0.156,0.124,1.18,1.18,0.1,0,1.18,1.18,0,1,100,4.44,100,4.44,100,100,6,0,1,1,grassland,3,wildfire,15.17,76.79
50,0.595,0.208,0.104,0.048,0.18,0.16,1.87,1.87,0.1,0,1.87,1.87,0,1,100,2.63,100,2.86,100,100,6,0,1,4,other,0,industrial_fire,15.18,76.69
10,0.559,0.392,0.176,0.12,0.184,0.148,1.57,1.81,0.2,0.49,1.57,1.81,0.49,2,100,2.7,100,24.39,100,100,6,1,2,0,forest,0,industrial_fire,15.18,77.1
60,0.542,0.112,0.048,0.016,0.14,0.124,2.41,2.73,0.3,0.48,2.25,2.38,-0.27,3,100,0.78,100,2.37,100,100,6,1,3,4,other,0,industrial_fire,15.18,76.67
60,0.53,0.28,0.176,0.096,0.16,0.136,4.25,4.32,0.2,0.15,4.25,4.32,0.15,2,100,2.46,100,4.36,100,100,6,1,2,4,other,0,industrial_fire,15.18,76.64
10,0.617,0.536,0.296,0.144,0.224,0.168,2.04,3.12,0.3,-1.55,2.56,3.12,1.12,3,100,1.44,100,2.69,100,100,6,1,3,0,forest,0,industrial_fire,15.34,76.28
20,0.626,0.64,0.416,0.224,0.256,0.172,0.61,0.61,0.1,0,0.61,0.61,0,1,100,11.14,100,24.69,100,100,1,0,1,2,shrubland,3,wildfire,15.9,79.43
30,0.6,0.664,0.48,0.208,0.236,0.148,1.04,1.04,0.1,0,1.04,1.04,0,1,100,10.07,100,36.75,100,100,1,0,1,1,grassland,3,wildfire,15.98,79.14
10,0.509,0.72,0.552,0.24,0.196,0.116,0.87,0.87,0.1,0,0.87,0.87,0,1,100,9.85,100,45,100,100,1,0,1,0,forest,3,wildfire,16.1,79.17
50,0.523,0.456,0.28,0.128,-1,-1,1.4,1.5,0.2,-0.2,1.4,1.5,-0.2,2,100,0.59,100,0.78,100,100,6,1,2,4,other,0,industrial_fire,17.06,76.98
50,0.61,0.576,0.264,0.12,0.212,0.16,1.09,1.09,0.1,0,1.09,1.09,0,1,100,0.41,100,1.63,100,100,1,0,1,4,other,0,industrial_fire,17.14,77.17
50,0.588,0.464,0.272,0.144,0.208,0.164,1.1,1.4,0.2,-0.6,1.1,1.4,-0.6,2,100,0.65,100,1.38,100,100,1,1,2,4,other,0,industrial_fire,17.14,77.18
30,0.866,0.104,0.072,0.056,0.34,0.32,2.25,2.25,0.1,0,2.25,2.25,0,1,100,100,100,100,100,100,-1,0,1,1,grassland,3,wildfire,32.3,70.73
20,0.766,0.216,0.136,0.088,0.288,0.256,2.92,2.92,0.1,0,2.92,2.92,0,1,100,100,100,100,100,100,-1,0,1,2,shrubland,3,wildfire,33.24,71.52
10,0.586,0.248,0.192,0.136,0.204,0.168,2.3,2.3,0.1,0,2.3,2.3,0,1,100,100,100,100,100,100,-1,0,1,0,forest,3,wildfire,33.24,71.3
10,0.269,0.832,0.768,0.616,0.188,0.088,2.2,2.2,0.1,0,2.2,2.2,0,1,100,100,100,100,100,100,-1,0,1,0,forest,3,wildfire,6.57,80.85
10,0.259,0.824,0.776,0.656,0.196,0.092,3.28,3.28,0.1,0,3.28,3.28,0,1,100,100,100,100,100,100,-1,0,1,0,forest,3,wildfire,6.7,81.34
10,0.259,0.824,0.776,0.656,0.196,0.092,2.2,2.2,0.1,0,2.2,2.2,0,1,100,100,100,100,100,100,-1,0,1,0,forest,3,wildfire,6.71,81.34
10,0.394,0.784,0.68,0.504,0.22,0.12,3.5,3.5,0.1,0,3.5,3.5,0,1,100,100,100,100,100,100,-1,0,1,0,forest,3,wildfire,6.76,81.38
30,0.341,0.808,0.728,0.568,0.212,0.116,2.08,2.08,0.1,0,2.08,2.08,0,1,100,100,100,100,100,100,-1,0,1,1,grassland,3,wildfire,6.82,80.88
40,0.504,0.776,0.416,0.2,0.18,0.096,5.21,5.21,0.1,0,5.21,5.21,0,1,100,100,100,100,100,100,-1,0,1,3,crop,1,agricultural_burn,7.49,81.01
10,0.223,0.832,0.8,0.656,0.176,0.076,5.66,5.66,0.1,0,5.66,5.66,0,1,100,100,100,44.95,100,100,3,0,1,0,forest,3,wildfire,8.88,80.72
10,0.238,0.832,0.784,0.632,0.176,0.08,4.23,4.23,0.1,0,4.23,4.23,0,1,100,100,100,45.83,100,100,3,0,1,0,forest,3,wildfire,8.88,80.73
10,0.182,0.8,0.752,0.664,0.156,0.072,2.22,2.22,0.1,0,2.22,2.22,0,1,100,28.83,100,35.41,100,100,6,0,1,0,forest,3,wildfire,9.02,80.18
10,0.336,0.784,0.672,0.48,0.18,0.092,1.67,1.67,0.1,0,1.67,1.67,0,1,100,28.97,100,31.05,100,100,6,0,1,0,forest,3,wildfire,9.08,80.13
40,0.689,0.608,0.296,0.168,0.272,0.2,4.63,4.63,0.1,0,4.63,4.63,0,1,100,11.71,100,37.96,100,100,6,0,1,3,crop,1,agricultural_burn,9.36,78.73
10,0.619,0.664,0.456,0.32,0.284,0.192,6.75,6.75,0.1,0,6.75,6.75,0,1,100,13.1,100,30.02,100,38.88,6,0,1,0,forest,3,wildfire,10.41,79.52
20,0.636,0.656,0.488,0.256,0.272,0.184,3.86,3.86,0.1,0,3.86,3.86,0,1,100,6.06,100,14.75,100,100,6,0,1,2,shrubland,3,wildfire,10.99,78.76
30,0.581,0.664,0.432,0.24,0.236,0.156,2.73,2.73,0.1,0,2.73,2.73,0,1,100,1.6,100,7.63,100,100,1,0,1,1,grassland,0,industrial_fire,12.21,79.83
10,0.37,0.76,0.68,0.472,0.196,0.1,2.31,2.31,0.1,0,2.31,2.31,0,1,100,10.25,100,8.05,100,100,6,0,1,0,forest,3,wildfire,13.57,79.58
40,0.672,0.736,0.384,0.184,0.268,0.176,4.3,4.3,0.1,0,4.3,4.3,0,1,100,14.49,100,37.96,100,100,6,0,1,3,crop,1,agricultural_burn,14.55,79.81
40,0.804,0.464,0.304,0.16,0.344,0.252,5.27,5.27,0.1,0,5.27,5.27,0,1,100,6.18,100,26.2,100,100,6,0,1,3,crop,1,agricultural_burn,14.65,77.67
40,0.648,0.32,0.144,0.08,0.22,0.172,1.44,1.44,0.1,0,1.44,1.44,0,1,39.69,14.01,100,15.82,43.36,100,6,0,1,3,crop,1,agricultural_burn,22.07,95.92
50,0.533,0.424,0.208,0.008,0.132,0.096,2.54,3.21,0.2,1.35,2.54,3.21,1.35,2,100,0.94,100,3.45,100,100,6,1,2,4,other,0,industrial_fire,23.69,87.12
80,0.624,0.504,0.264,0.12,0.22,0.168,3.31,3.58,0.2,0.55,3.31,3.58,0.55,2,100,5.99,100,1.33,100,100,3,1,2,4,other,2,mining_activity,25.04,87.39
40,0.571,0.528,0.368,0.208,0.22,0.152,2.53,2.53,0.1,0,2.53,2.53,0,1,100,9.76,100,9.44,100,100,6,0,1,3,crop,1,agricultural_burn,26.67,86.18
10,0.283,0.872,0.752,0.544,0.172,0.084,4.26,4.26,0.1,0,4.26,4.26,0,1,100,13.88,100,100,100,100,1,0,1,0,forest,3,wildfire,28.27,94.83
10,0.569,0.664,0.432,0.152,0.2,0.136,4.41,4.41,0.1,0,4.41,4.41,0,1,100,9.06,100,100,100,100,1,0,1,0,forest,3,wildfire,31.5,72.2
30,0.509,0.288,0.2,0.144,0.164,0.136,5.95,5.95,0.1,0,5.95,5.95,0,1,100,9.55,100,100,100,100,1,0,1,1,grassland,3,wildfire,31.66,78.41
10,0.355,0.712,0.536,0.424,0.172,0.096,3.16,3.16,0.1,0,3.16,3.16,0,1,100,10.01,100,5.59,100,100,3,0,1,0,forest,3,wildfire,8.65,77.84
60,0.866,0.104,0.08,0.056,0.352,0.34,7.14,7.14,0.1,0,7.14,7.14,0,1,100,20.32,100,100,100,100,6,0,1,4,other,1,agricultural_burn,27.62,69.47
60,0.84,0.216,0.128,0.072,0.324,0.292,5.98,5.98,0.1,0,5.98,5.98,0,1,100,19.8,100,100,100,100,6,0,1,4,other,1,agricultural_burn,27.63,69.47
20,0.528,0.472,0.36,0.28,0.22,0.152,9.46,9.46,0.1,0,9.46,9.46,0,1,100,43.16,100,100,100,100,6,0,1,2,shrubland,3,wildfire,27.76,68.7
30,0.581,0.584,0.384,0.192,0.22,0.156,2.68,4.2,0.3,0.77,2.42,4.2,3.56,3,100,2.63,100,100,100,100,6,1,3,1,grassland,0,industrial_fire,28.05,69.37
20,0.583,0.304,0.168,0.08,0.184,0.132,1.01,1.01,0.1,0,1.01,1.01,0,1,1.19,0.94,100,100,100,100,1,0,1,2,shrubland,0,industrial_fire,29.46,76.88
10,-1,-1,-1,-1,-1,-1,0.84,1,0.2,-0.32,0.84,1,-0.32,2,100,3.8,100,33.11,100,100,6,1,2,0,forest,0,industrial_fire,22.36,87.02
40,-1,-1,-1,-1,-1,-1,1.78,2.38,0.5,-1.6,2.22,2.36,0.28,5,100,0.67,100,100,100,100,1,2,5,3,crop,0,industrial_fire,22.37,87.3
50,-1,-1,-1,-1,-1,-1,4.74,10.47,0.5,-2.99,4.8,5.81,-2.02,5,100,0.01,100,100,100,100,1,2,5,4,other,0,industrial_fire,22.38,87.28
40,0.511,0.616,0.392,0.152,0.168,0.112,0.84,0.93,0.2,0.18,0.84,0.93,0.18,2,100,8.11,100,14.52,100,100,1,1,2,3,crop,1,agricultural_burn,23.55,86.54
40,0.569,0.704,0.344,0.128,0.192,0.14,0.68,0.68,0.1,0,0.68,0.68,0,1,100,2.03,100,23.25,100,100,6,0,1,3,crop,0,industrial_fire,28.67,77.58
10,0.348,0.776,0.704,0.592,0.224,0.12,0.56,0.56,0.1,0,0.56,0.56,0,1,100,100,100,100,100,100,-1,0,1,0,forest,3,wildfire,7.44,81.32
30,0.274,0.832,0.768,0.656,0.204,0.1,0.8,0.8,0.1,0,0.8,0.8,0,1,100,100,100,100,100,100,-1,0,1,1,grassland,3,wildfire,7.48,81.09
60,0.502,-0.008,-0.032,-0.064,0.112,0.108,2.2,2.2,0.1,0,2.2,2.2,0,1,100,1.41,100,19.26,100,100,6,0,1,4,other,0,industrial_fire,8.77,78.2
10,0.482,0.72,0.552,0.296,0.2,0.124,1.74,1.74,0.1,0,1.74,1.74,0,1,100,4.86,100,8.3,100,100,6,0,1,0,forest,3,wildfire,9.3,77.4
40,0.36,0.736,0.64,0.488,0.196,0.112,9.74,9.74,0.1,0,9.74,9.74,0,1,100,8.33,100,25.27,100,100,1,0,1,3,crop,1,agricultural_burn,9.75,77.52
40,0.353,0.744,0.64,0.488,0.192,0.112,9.74,9.74,0.1,0,9.74,9.74,0,1,100,7.25,100,26.01,100,100,1,0,1,3,crop,1,agricultural_burn,9.76,77.52
10,0.466,0.72,0.592,0.408,0.228,0.136,0.74,0.74,0.1,0,0.74,0.74,0,1,100,11.07,100,7.74,100,100,3,0,1,0,forest,3,wildfire,10.08,77.31
10,0.475,0.712,0.56,0.392,0.228,0.14,0.51,0.51,0.1,0,0.51,0.51,0,1,100,6.85,100,46.71,100,100,1,0,1,0,forest,3,wildfire,10.33,79.23
40,0.679,0.64,0.384,0.232,0.288,0.212,0.65,0.93,0.3,0.42,0.52,0.58,-0.13,3,45.45,0.11,100,16.13,100,100,1,1,3,3,crop,0,industrial_fire,10.62,77.42
40,0.526,0.728,0.512,0.272,0.216,0.136,2.72,2.72,0.1,0,2.72,2.72,0,1,100,4.99,100,23.66,100,100,1,0,1,3,crop,1,agricultural_burn,10.94,78.47
40,0.562,0.696,0.44,0.248,0.228,0.152,2.72,2.72,0.1,0,2.72,2.72,0,1,100,4.25,100,23.33,100,100,1,0,1,3,crop,1,agricultural_burn,10.94,78.46
30,0.641,0.584,0.352,0.224,0.264,0.204,0.51,0.51,0.1,0,0.51,0.51,0,1,100,0.61,100,5.65,100,100,6,0,1,1,grassland,0,industrial_fire,11.18,79.09
50,0.552,0.68,0.496,0.312,0.244,0.164,0.54,0.54,0.1,0,0.54,0.54,0,1,100,6.35,100,29.65,100,100,6,0,1,4,other,,unknown,11.48,77.5
40,0.538,0.712,0.488,0.24,0.212,0.148,1.9,1.9,0.1,0,1.9,1.9,0,1,100,2.69,100,24.4,100,100,1,0,1,3,crop,0,industrial_fire,11.56,78.73
10,0.343,0.792,0.664,0.48,0.184,0.1,1.24,1.24,0.1,0,1.24,1.24,0,1,100,11.63,100,21.53,100,100,6,0,1,0,forest,3,wildfire,13.83,79.34
20,0.35,0.768,0.648,0.48,0.188,0.104,1.42,1.42,0.1,0,1.42,1.42,0,1,100,10.5,100,20.35,100,100,6,0,1,2,shrubland,3,wildfire,13.84,79.33
10,0.338,0.784,0.664,0.488,0.184,0.096,1.42,1.42,0.1,0,1.42,1.42,0,1,100,10.52,100,20.42,100,100,6,0,1,0,forest,3,wildfire,13.84,79.34
20,0.756,0.232,0.144,0.104,0.288,0.256,1.46,1.46,0.1,0,1.46,1.46,0,1,100,100,100,100,100,100,-1,0,1,2,shrubland,3,wildfire,33.23,71.51
10,0.542,0.792,0.512,0.232,0.212,0.132,0.92,0.92,0.1,0,0.92,0.92,0,1,100,11.19,100,100,100,100,1,0,1,0,forest,3,wildfire,35.22,72.93
40,0.607,0.704,0.496,0.328,0.28,0.176,8.45,8.5,0.2,0.1,8.45,8.5,0.1,2,100,100,100,100,100,100,-1,1,2,3,crop,1,agricultural_burn,7.81,81.37
40,0.41,-1,-1,-1,0.228,0.16,6.87,6.87,0.1,0,6.87,6.87,0,1,100,100,100,100,100,100,-1,0,1,3,crop,1,agricultural_burn,7.89,81.46
20,0.511,-1,-1,-1,0.284,0.2,6.06,6.06,0.1,0,6.06,6.06,0,1,100,5.7,100,30.87,100,100,1,0,1,2,shrubland,3,wildfire,14.5,79.7
50,0.523,0.488,0.304,0.096,0.156,0.116,4.67,14.28,0.4,12.82,1.44,2.3,-1.71,4,100,1.31,100,1.54,100,100,6,2,4,4,other,0,industrial_fire,23.56,87.24
80,0.55,0.664,0.344,0.16,0.192,0.128,6.73,6.73,0.1,0,6.73,6.73,0,1,100,5.24,100,0.63,100,100,3,0,1,4,other,2,mining_activity,23.65,85.44
60,0.595,0.248,0.104,0.024,0.172,0.144,6.13,7.03,0.2,1.8,6.13,7.03,1.8,2,100,3.93,100,0.87,100,100,3,1,2,4,other,0,industrial_fire,23.76,86.4
60,0.566,0.4,0.208,0.096,0.18,0.144,4.21,5.56,0.3,-1.16,4.6,5.56,1.93,3,100,5.13,100,1.28,100,100,3,1,3,4,other,2,mining_activity,23.8,86.33
50,0.504,0.584,0.44,0.296,0.212,0.148,6.97,6.97,0.1,0,6.97,6.97,0,1,100,0.92,100,100,100,100,1,0,1,4,other,0,industrial_fire,27.99,94.22
10,0.298,0.88,0.776,0.592,0.196,0.096,3.18,3.18,0.1,0,3.18,3.18,0,1,100,19.55,100,100,100,100,1,0,1,0,forest,3,wildfire,28.13,95.47
30,0.818,0.152,0.08,0.048,0.304,0.256,2.55,2.55,0.1,0,2.55,2.55,0,1,100,100,100,100,100,100,-1,0,1,1,grassland,3,wildfire,28.92,86.35
60,0.773,0.128,0.096,0.064,0.284,0.248,2.38,2.38,0.1,0,2.38,2.38,0,1,100,14.35,100,36.45,100,100,1,0,1,4,other,1,agricultural_burn,29.15,88.48
60,0.806,0.248,0.104,0.08,0.308,0.276,2.7,2.7,0.1,0,2.7,2.7,0,1,100,13.11,100,31.48,100,100,1,0,1,4,other,1,agricultural_burn,29.16,88.53
30,0.852,0.248,0.096,0.08,0.344,0.292,3.33,3.33,0.1,0,3.33,3.33,0,1,100,1.06,100,4.8,100,100,1,0,1,1,grassland,0,industrial_fire,29.29,88.86
60,0.718,0.056,0.024,-0.008,0.232,0.208,6.43,6.43,0.1,0,6.43,6.43,0,1,100,12.66,100,10.52,100,100,3,0,1,4,other,1,agricultural_burn,29.56,91
60,0.722,0.136,0.072,0.04,0.248,0.216,2.08,2.08,0.1,0,2.08,2.08,0,1,100,19.57,100,17.93,100,100,3,0,1,4,other,1,agricultural_burn,29.63,90.98
60,0.73,0.112,0.056,0.016,0.244,0.216,2.08,2.08,0.1,0,2.08,2.08,0,1,100,20.85,100,19.11,100,100,3,0,1,4,other,1,agricultural_burn,29.64,90.99
60,0.857,0.16,0.096,0.072,0.352,0.292,2.91,2.91,0.1,0,2.91,2.91,0,1,100,100,100,100,100,100,-1,0,1,4,other,1,agricultural_burn,29.64,87.67
10,0.326,0.824,0.736,0.592,0.212,0.108,3.95,3.95,0.1,0,3.95,3.95,0,1,100,100,100,100,100,100,-1,0,1,0,forest,3,wildfire,6.46,81.09
10,0.35,0.816,0.72,0.576,0.22,0.112,3.95,3.95,0.1,0,3.95,3.95,0,1,100,100,100,100,100,100,-1,0,1,0,forest,3,wildfire,6.46,81.1
30,0.43,0.776,0.68,0.504,0.24,0.128,10.26,10.26,0.1,0,10.26,10.26,0,1,100,100,100,100,100,100,-1,0,1,1,grassland,3,wildfire,6.71,81.54
10,0.466,0.752,0.64,0.432,0.236,0.128,3.45,3.45,0.1,0,3.45,3.45,0,1,100,100,100,100,100,100,-1,0,1,0,forest,3,wildfire,6.77,81.57
40,0.475,0.776,0.608,0.392,0.228,0.132,2.36,2.36,0.1,0,2.36,2.36,0,1,100,100,100,100,100,100,-1,0,1,3,crop,1,agricultural_burn,6.81,81.53
40,0.374,0.776,0.664,0.488,0.204,0.108,7.81,7.81,0.1,0,7.81,7.81,0,1,100,100,100,100,100,100,-1,0,1,3,crop,1,agricultural_burn,7.11,81.69
10,0.49,0.752,0.616,0.344,0.22,0.12,9,9,0.1,0,9,9,0,1,100,100,100,100,100,100,-1,0,1,0,forest,3,wildfire,7.27,81.65
10,0.473,0.752,0.632,0.408,0.232,0.132,5.03,5.03,0.1,0,5.03,5.03,0,1,100,100,100,100,100,100,-1,0,1,0,forest,3,wildfire,7.28,81.15
10,0.446,0.776,0.632,0.464,0.236,0.136,4.17,4.17,0.1,0,4.17,4.17,0,1,100,100,100,100,100,100,-1,0,1,0,forest,3,wildfire,7.31,81.11
10,0.41,0.776,0.672,0.512,0.232,0.128,7.71,7.71,0.1,0,7.71,7.71,0,1,100,100,100,100,100,100,-1,0,1,0,forest,3,wildfire,7.33,81.21
30,0.487,0.76,0.616,0.432,0.248,0.144,8.43,8.43,0.1,0,8.43,8.43,0,1,100,100,100,100,100,100,-1,0,1,1,grassland,3,wildfire,7.35,81.2
10,0.446,0.776,0.64,0.488,0.244,0.136,6.25,6.25,0.1,0,6.25,6.25,0,1,100,100,100,100,100,100,-1,0,1,0,forest,3,wildfire,7.35,81.21
40,0.564,0.768,0.328,0.184,0.208,0.136,3.79,3.79,0.1,0,3.79,3.79,0,1,100,100,100,100,100,100,-1,0,1,3,crop,1,agricultural_burn,7.4,81.78
10,0.312,0.824,0.744,0.616,0.212,0.108,2.27,2.27,0.1,0,2.27,2.27,0,1,100,100,100,100,100,100,-1,0,1,0,forest,3,wildfire,7.41,81.29
30,0.382,0.736,0.68,0.56,0.232,0.12,111.8,111.8,0.1,0,111.8,111.8,0,1,100,100,100,100,100,100,-1,0,1,1,grassland,3,wildfire,7.61,81.16
10,0.367,0.768,0.696,0.584,0.232,0.124,50.36,50.36,0.1,0,50.36,50.36,0,1,100,100,100,100,100,100,-1,0,1,0,forest,3,wildfire,7.62,81.17
30,0.708,0.672,0.472,0.32,0.34,0.216,8.01,8.01,0.1,0,8.01,8.01,0,1,100,100,100,100,100,100,-1,0,1,1,grassland,3,wildfire,7.81,81.45
20,0.542,0.648,0.424,0.256,0.22,0.132,1.91,1.91,0.1,0,1.91,1.91,0,1,100,1.5,100,0.98,100,100,3,0,1,2,shrubland,0,industrial_fire,8.88,77.79
30,0.629,0.592,0.304,0.184,0.244,0.18,8.66,8.66,0.1,0,8.66,8.66,0,1,100,0.64,100,5,100,100,1,0,1,1,grassland,0,industrial_fire,8.93,77.97
20,0.624,0.704,0.304,0.168,0.236,0.188,4.69,4.69,0.1,0,4.69,4.69,0,1,100,0.69,100,16.43,100,100,1,0,1,2,shrubland,0,industrial_fire,9.11,77.77
40,0.631,0.6,0.344,0.192,0.248,0.176,3.8,3.8,0.1,0,3.8,3.8,0,1,100,4.36,100,3.43,100,100,6,0,1,3,crop,2,mining_activity,9.44,77.67
40,0.61,0.6,0.344,0.192,0.236,0.168,3.88,3.88,0.1,0,3.88,3.88,0,1,100,4.81,100,3.56,100,100,6,0,1,3,crop,2,mining_activity,9.45,77.67
10,0.377,0.784,0.688,0.52,0.216,0.116,9.26,9.26,0.1,0,9.26,9.26,0,1,100,6.59,100,9.36,100,100,1,0,1,0,forest,3,wildfire,10,77.29
40,0.511,0.144,0.072,0.032,0.128,0.112,10.73,11.92,0.2,-2.38,10.73,11.92,-2.38,2,2.97,1.13,100,100,100,100,6,1,2,3,crop,0,industrial_fire,21.1,72.65
40,0.679,0.616,0.36,0.136,0.256,0.18,1.92,1.92,0.1,0,1.92,1.92,0,1,100,100,100,100,100,100,-1,0,1,3,crop,1,agricultural_burn,25.29,68.32
40,0.871,0.368,0.12,0.048,0.38,0.336,4.08,4.08,0.1,0,4.08,4.08,0,1,100,21.47,100,22.15,100,100,6,0,1,3,crop,1,agricultural_burn,27.4,71.04
40,0.658,0.632,0.256,0.064,0.22,0.16,6.16,6.16,0.1,0,6.16,6.16,0,1,100,37.71,100,100,100,100,6,0,1,3,crop,1,agricultural_burn,27.91,68.74
60,0.876,0.112,0.08,0.04,0.448,0.42,10.18,10.18,0.1,0,10.18,10.18,0,1,100,100,100,100,100,100,-1,0,1,4,other,1,agricultural_burn,28.61,68.64
20,0.823,0.16,0.144,0.128,0.424,0.344,4.6,4.6,0.1,0,4.6,4.6,0,1,100,5.91,100,100,100,100,1,0,1,2,shrubland,3,wildfire,29.89,69.47
40,0.353,-1,-1,-1,0.196,0.132,12.23,12.23,0.1,0,12.23,12.23,0,1,100,8.12,100,100,100,100,1,0,1,3,crop,1,agricultural_burn,30.49,73.83
40,0.552,0.768,0.448,0.144,0.188,0.124,3.13,3.13,0.1,0,3.13,3.13,0,1,100,1.98,100,29.67,100,100,6,0,1,3,crop,0,industrial_fire,31.58,74.82
50,0.521,0.096,0.048,0.016,0.128,0.112,3.73,7.11,0.5,4.22,3.86,4.09,0.47,5,100,0.44,100,2.79,100,100,1,2,5,4,other,0,industrial_fire,15.18,76.66
30,0.317,0.8,0.736,0.608,0.212,0.108,2,2,0.1,0,2,2,0,1,100,100,100,100,100,100,-1,0,1,1,grassland,3,wildfire,6.88,81.14
30,0.442,0.544,0.304,0.112,0.116,0.064,1.37,1.37,0.1,0,1.37,1.37,0,1,100,100,100,100,100,100,-1,0,1,1,grassland,3,wildfire,6.9,81.84
10,0.317,0.792,0.744,0.608,0.212,0.108,1.16,1.16,0.1,0,1.16,1.16,0,1,100,100,100,100,100,100,-1,0,1,0,forest,3,wildfire,6.94,81.57
30,0.48,0.6,0.504,0.36,0.22,0.16,1.45,1.45,0.1,0,1.45,1.45,0,1,100,100,100,100,100,100,-1,0,1,1,grassland,3,wildfire,6.96,79.95
30,0.382,0.76,0.68,0.56,0.232,0.128,3.78,3.78,0.1,0,3.78,3.78,0,1,100,100,100,100,100,100,-1,0,1,1,grassland,3,wildfire,7.12,81.15
30,0.262,0.84,0.776,0.616,0.184,0.084,1.29,1.29,0.1,0,1.29,1.29,0,1,100,100,100,100,100,100,-1,0,1,1,grassland,3,wildfire,7.13,81.16
30,0.341,0.784,0.712,0.568,0.212,0.112,2.47,2.47,0.1,0,2.47,2.47,0,1,100,100,100,100,100,100,-1,0,1,1,grassland,3,wildfire,7.14,81.14
10,0.386,0.768,0.672,0.528,0.224,0.12,2.42,2.42,0.1,0,2.42,2.42,0,1,100,100,100,100,100,100,-1,0,1,0,forest,3,wildfire,7.29,81.17
10,0.55,0.68,0.48,0.376,0.264,0.18,1.51,1.51,0.1,0,1.51,1.51,0,1,100,100,100,100,100,100,-1,0,1,0,forest,3,wildfire,8.87,81.03
10,0.266,0.832,0.76,0.608,0.184,0.092,0.64,0.64,0.1,0,0.64,0.64,0,1,100,7.88,100,12.65,100,100,6,0,1,0,forest,3,wildfire,10.11,77.46
40,0.614,0.456,0.192,0.088,0.204,0.16,1.53,1.53,0.1,0,1.53,1.53,0,1,100,3.44,100,40.64,100,100,1,0,1,3,crop,0,industrial_fire,28.74,76.93
50,0.612,0.64,0.336,0.08,0.2,0.132,4.62,7.34,0.2,5.45,4.62,7.34,5.45,2,2.04,2.03,100,100,100,100,6,1,2,4,other,0,industrial_fire,29.48,76.86
60,0.569,-1,-1,-1,0.316,0.256,1.28,2.1,0.2,1.65,1.28,2.1,1.65,2,100,100,100,100,100,100,-1,1,2,4,other,1,agricultural_burn,31.77,70.11
60,0.866,0.096,0.072,0.056,0.34,0.308,2.21,2.78,0.4,0.76,2.32,2.64,0.64,4,100,100,100,100,100,100,-1,2,4,4,other,1,agricultural_burn,32.29,70.74
20,0.713,0.248,0.136,0.104,0.264,0.232,1.22,1.79,0.7,-0.32,0.96,1.21,-0.51,7,100,100,100,100,100,100,-1,2,7,2,shrubland,3,wildfire,33.3,71.19
50,0.461,-1,-1,-1,0.256,0.232,1.47,1.47,0.2,0.01,1.47,1.47,0.01,2,100,100,100,100,100,100,-1,1,2,4,other,,unknown,35.97,68.69
10,0.586,0.392,0.264,0.184,0.22,0.176,0.91,0.91,0.1,0,0.91,0.91,0,1,1.2,0.44,100,35.03,100,100,1,0,1,0,forest,0,industrial_fire,22.39,73.12
30,0.662,0.616,0.328,0.128,0.244,0.18,0.67,0.76,0.2,0.19,0.67,0.76,0.19,2,100,39.76,100,100,100,100,1,1,2,1,grassland,3,wildfire,26.1,68.88
50,0.847,0.336,0.136,0.088,0.388,0.34,1.05,1.11,0.2,-0.12,1.05,1.11,-0.12,2,100,4.23,100,1.27,100,100,3,1,2,4,other,2,mining_activity,26.88,73.51
40,0.828,0.36,0.176,0.12,0.36,0.312,0.92,0.92,0.1,0,0.92,0.92,0,1,100,0.11,100,19.38,100,100,1,0,1,3,crop,0,industrial_fire,27.08,73.82
60,0.662,0.552,0.312,0.104,0.236,0.18,1.8,1.8,0.1,0,1.8,1.8,0,1,100,0.67,100,100,100,100,1,0,1,4,other,0,industrial_fire,28.35,70.13
50,0.468,0.752,0.616,0.368,0.216,0.116,3.59,3.59,0.1,0,3.59,3.59,0,1,100,2.14,100,14.89,100,100,6,0,1,4,other,0,industrial_fire,17.54,73.16
40,0.458,0.6,0.408,0.24,0.168,0.112,0.53,0.53,0.1,0,0.53,0.53,0,1,100,4.6,100,7.03,100,100,1,0,1,3,crop,1,agricultural_burn,18.49,74.6
40,0.42,0.672,0.528,0.304,0.168,0.1,0.82,0.82,0.1,0,0.82,0.82,0,1,100,4.86,100,17.64,100,100,6,0,1,3,crop,1,agricultural_burn,18.55,74.25
30,0.718,0.312,0.16,0.12,0.272,0.22,3.12,3.12,0.1,0,3.12,3.12,0,1,100,3.29,100,5.46,100,100,1,0,1,1,grassland,0,industrial_fire,29.24,91.86
30,0.713,0.2,0.112,0.08,0.256,0.212,6.07,6.07,0.1,0,6.07,6.07,0,1,100,21.3,100,18.89,100,100,3,0,1,1,grassland,3,wildfire,29.62,91.06
40,0.442,0.76,0.648,0.472,0.236,0.132,7.7,7.7,0.1,0,7.7,7.7,0,1,100,100,100,100,100,100,-1,0,1,3,crop,1,agricultural_burn,7,81.6
10,0.55,0.736,0.336,0.184,0.2,0.124,14.11,14.11,0.1,0,14.11,14.11,0,1,100,100,100,100,100,100,-1,0,1,0,forest,3,wildfire,7.44,81.7
40,0.492,0.768,0.488,0.28,0.2,0.104,5.5,5.5,0.1,0,5.5,5.5,0,1,100,100,100,100,100,100,-1,0,1,3,crop,1,agricultural_burn,7.5,81.03
10,0.329,0.784,0.712,0.6,0.216,0.112,5.76,5.76,0.1,0,5.76,5.76,0,1,100,100,100,100,100,100,-1,0,1,0,forest,3,wildfire,7.52,80.9
10,0.329,0.784,0.712,0.6,0.216,0.112,5.21,5.21,0.1,0,5.21,5.21,0,1,100,100,100,100,100,100,-1,0,1,0,forest,3,wildfire,7.53,80.9
10,0.396,0.768,0.664,0.488,0.216,0.116,3.04,3.04,0.1,0,3.04,3.04,0,1,100,100,100,100,100,100,-1,0,1,0,forest,3,wildfire,7.57,80.9
40,0.497,0.808,0.512,0.224,0.184,0.104,3.78,4.45,0.2,-1.35,3.78,4.45,-1.35,2,100,100,100,100,100,100,-1,1,2,3,crop,1,agricultural_burn,7.61,80.96
30,0.346,0.816,0.72,0.536,0.204,0.104,3.48,3.48,0.1,0,3.48,3.48,0,1,100,100,100,100,100,100,-1,0,1,1,grassland,3,wildfire,7.72,80.84
40,0.317,0.832,0.736,0.56,0.196,0.096,6.05,6.05,0.1,0,6.05,6.05,0,1,100,100,100,100,100,100,-1,0,1,3,crop,1,agricultural_burn,7.72,80.85
10,0.355,0.768,0.68,0.472,0.188,0.096,3.33,3.33,0.1,0,3.33,3.33,0,1,100,33.02,100,37.49,100,100,6,0,1,0,forest,3,wildfire,7.74,80.14
30,0.614,0.736,0.328,0.184,0.236,0.152,19.14,19.14,0.1,0,19.14,19.14,0,1,100,100,100,100,100,100,-1,0,1,1,grassland,3,wildfire,7.75,81.52
10,0.293,0.824,0.736,0.6,0.196,0.096,3.24,3.24,0.1,0,3.24,3.24,0,1,100,25.99,100,31.39,100,100,6,0,1,0,forest,3,wildfire,7.86,80.05
10,0.312,0.816,0.736,0.592,0.204,0.096,1.9,1.9,0.1,0,1.9,1.9,0,1,100,100,100,100,100,100,-1,0,1,0,forest,3,wildfire,7.86,81.09
40,0.468,0.8,0.52,0.296,0.192,0.108,19.85,19.85,0.1,0,19.85,19.85,0,1,100,43.69,100,40.91,100,100,6,0,1,3,crop,1,agricultural_burn,7.88,80.62
40,0.566,0.752,0.432,0.216,0.22,0.136,5.88,8.32,0.2,4.88,5.88,8.32,4.88,2,100,100,100,100,100,100,-1,1,2,3,crop,1,agricultural_burn,7.93,81.39
40,0.506,0.744,0.52,0.256,0.2,0.12,19.41,19.41,0.1,0,19.41,19.41,0,1,100,100,100,100,100,100,-1,0,1,3,crop,1,agricultural_burn,7.94,81.3
40,0.514,0.744,0.472,0.232,0.196,0.116,23.69,23.69,0.1,0,23.69,23.69,0,1,100,100,100,100,100,100,-1,0,1,3,crop,1,agricultural_burn,7.94,81.31
40,0.432,0.824,0.576,0.344,0.188,0.1,12.47,12.47,0.1,0,12.47,12.47,0,1,100,38.17,100,34.14,100,100,6,0,1,3,crop,1,agricultural_burn,7.96,80.59
10,0.425,0.792,0.68,0.44,0.216,0.116,13.74,13.74,0.1,0,13.74,13.74,0,1,100,12.6,100,15.18,100,100,6,0,1,0,forest,3,wildfire,7.98,80.14
40,0.444,0.792,0.616,0.384,0.208,0.112,3.64,3.64,0.1,0,3.64,3.64,0,1,100,4.21,100,8.79,100,100,6,0,1,3,crop,1,agricultural_burn,7.98,80.24
40,0.425,0.808,0.632,0.392,0.2,0.112,4.87,4.87,0.1,0,4.87,4.87,0,1,100,13.55,100,10.63,100,100,6,0,1,3,crop,1,agricultural_burn,8,80.37
10,0.437,0.792,0.664,0.408,0.212,0.112,18.92,18.92,0.1,0,18.92,18.92,0,1,100,3.63,100,7.41,100,100,6,0,1,0,forest,0,industrial_fire,8,80.22
10,0.365,0.792,0.648,0.456,0.188,0.1,6.31,6.31,0.1,0,6.31,6.31,0,1,100,31.09,100,26.49,100,100,6,0,1,0,forest,3,wildfire,8,80.53
10,0.358,0.792,0.648,0.456,0.184,0.1,3.71,3.71,0.1,0,3.71,3.71,0,1,100,31.04,100,26.21,100,100,6,0,1,0,forest,3,wildfire,8.01,80.53
40,0.458,0.776,0.632,0.432,0.232,0.128,3.64,3.64,0.1,0,3.64,3.64,0,1,100,7.62,100,34.89,100,100,1,0,1,3,crop,1,agricultural_burn,8.01,79.94
40,0.475,0.8,0.504,0.272,0.188,0.108,9.51,9.51,0.1,0,9.51,9.51,0,1,100,39.7,100,34.53,100,100,6,0,1,3,crop,1,agricultural_burn,8.01,80.61
10,0.398,0.792,0.656,0.448,0.204,0.108,7.85,7.85,0.1,0,7.85,7.85,0,1,100,17.88,100,12.87,100,100,6,0,1,0,forest,3,wildfire,8.03,80.41
40,0.451,0.776,0.544,0.336,0.196,0.116,3.31,3.31,0.1,0,3.31,3.31,0,1,100,13.66,100,8.34,100,100,6,0,1,3,crop,1,agricultural_burn,8.04,80.37
10,0.319,0.824,0.744,0.568,0.2,0.096,6.46,6.46,0.1,0,6.46,6.46,0,1,100,15.89,100,26.78,100,100,1,0,1,0,forest,3,wildfire,8.05,80.01
40,0.434,0.8,0.552,0.304,0.176,0.092,3.56,3.65,0.2,-0.19,3.56,3.65,-0.19,2,100,40.49,100,38.72,100,100,6,1,2,3,crop,1,agricultural_burn,8.06,80.66
40,0.43,0.752,0.584,0.408,0.208,0.12,6.7,6.7,0.1,0,6.7,6.7,0,1,100,31.11,100,27.66,100,100,6,0,1,3,crop,1,agricultural_burn,8.07,80.56
40,0.358,0.8,0.656,0.432,0.176,0.088,4.81,4.81,0.1,0,4.81,4.81,0,1,100,33.29,100,34.05,100,100,6,0,1,3,crop,1,agricultural_burn,8.12,80.62
40,0.307,0.808,0.688,0.528,0.18,0.092,3.06,3.06,0.1,0,3.06,3.06,0,1,100,30.32,100,32.05,100,100,6,0,1,3,crop,1,agricultural_burn,8.14,80.6
10,0.324,0.808,0.704,0.512,0.184,0.092,2.2,2.2,0.1,0,2.2,2.2,0,1,100,27.38,100,30.25,100,100,6,0,1,0,forest,3,wildfire,8.16,80.58
10,0.331,0.808,0.704,0.512,0.188,0.096,3.59,3.59,0.1,0,3.59,3.59,0,1,100,26.94,100,30.5,100,100,6,0,1,0,forest,3,wildfire,8.17,80.58
10,0.415,0.784,0.664,0.48,0.224,0.12,2.98,2.98,0.1,0,2.98,2.98,0,1,100,27.5,100,24.75,100,100,6,0,1,0,forest,3,wildfire,8.2,80.08
10,0.384,0.704,0.56,0.376,0.172,0.092,3.91,3.91,0.1,0,3.91,3.91,0,1,100,17.34,100,27.26,100,100,6,0,1,0,forest,3,wildfire,8.25,80.51
10,0.49,0.76,0.576,0.392,0.236,0.14,3.83,3.83,0.1,0,3.83,3.83,0,1,100,17.94,100,22.77,100,100,6,0,1,0,forest,3,wildfire,8.27,80.19
10,0.442,0.744,0.608,0.424,0.22,0.128,3.22,3.22,0.1,0,3.22,3.22,0,1,100,3.33,100,19.68,100,100,1,0,1,0,forest,0,industrial_fire,8.28,80.33
10,0.439,0.76,0.584,0.392,0.208,0.112,7.2,7.2,0.1,0,7.2,7.2,0,1,100,26.31,100,37.01,100,100,6,0,1,0,forest,3,wildfire,8.29,80.59
40,0.533,0.76,0.544,0.344,0.244,0.144,4.07,4.07,0.1,0,4.07,4.07,0,1,100,13.91,100,22.53,100,100,1,0,1,3,crop,1,agricultural_burn,8.29,80.23
40,0.526,0.76,0.56,0.344,0.24,0.14,8.41,8.41,0.1,0,8.41,8.41,0,1,100,14.22,100,23.55,100,100,1,0,1,3,crop,1,agricultural_burn,8.3,80.23
40,0.456,0.736,0.512,0.304,0.188,0.112,2.1,2.1,0.1,0,2.1,2.1,0,1,100,8.78,100,26.59,100,100,6,0,1,3,crop,1,agricultural_burn,8.33,80.39
40,0.542,0.808,0.328,0.16,0.188,0.108,11.23,11.23,0.1,0,11.23,11.23,0,1,100,100,100,100,100,100,-1,0,1,3,crop,1,agricultural_burn,8.33,81
20,0.454,0.712,0.592,0.416,0.224,0.132,8.3,8.3,0.1,0,8.3,8.3,0,1,100,0.84,100,9.06,100,100,1,0,1,2,shrubland,0,industrial_fire,8.34,77.54
40,0.386,0.8,0.672,0.504,0.216,0.112,5.79,5.79,0.1,0,5.79,5.79,0,1,100,22.99,100,31.07,100,100,6,0,1,3,crop,1,agricultural_burn,8.34,80.16
10,0.42,0.792,0.64,0.448,0.216,0.116,6.19,6.19,0.1,0,6.19,6.19,0,1,100,18.04,100,28.51,100,100,6,0,1,0,forest,3,wildfire,8.34,80.21
10,0.485,0.784,0.616,0.4,0.236,0.132,5.79,5.79,0.1,0,5.79,5.79,0,1,100,23.44,100,32.01,100,100,6,0,1,0,forest,3,wildfire,8.35,80.16
10,0.492,0.736,0.544,0.352,0.224,0.132,9.99,9.99,0.1,0,9.99,9.99,0,1,100,11.55,100,27.38,100,100,6,0,1,0,forest,3,wildfire,8.35,80.3
10,0.427,0.776,0.64,0.448,0.22,0.12,4.4,4.4,0.1,0,4.4,4.4,0,1,100,18.61,100,29.53,100,100,6,0,1,0,forest,3,wildfire,8.35,80.21
30,0.446,0.736,0.6,0.416,0.22,0.124,2.05,2.05,0.1,0,2.05,2.05,0,1,100,17.69,100,29.14,100,100,6,0,1,1,grassland,3,wildfire,8.35,80.22
10,0.434,0.8,0.64,0.448,0.224,0.12,3.56,3.56,0.1,0,3.56,3.56,0,1,100,22.01,100,31.92,100,100,6,0,1,0,forest,3,wildfire,8.36,80.18
40,0.554,0.808,0.36,0.176,0.2,0.12,3.85,3.85,0.1,0,3.85,3.85,0,1,100,100,100,100,100,100,-1,0,1,3,crop,1,agricultural_burn,8.36,81.05
10,0.456,0.752,0.56,0.328,0.196,0.112,2.92,2.92,0.1,0,2.92,2.92,0,1,100,13.08,100,29.58,100,100,6,0,1,0,forest,3,wildfire,8.37,80.31
10,0.449,0.768,0.576,0.376,0.208,0.116,3.76,3.76,0.1,0,3.76,3.76,0,1,100,12.73,100,29.6,100,100,6,0,1,0,forest,3,wildfire,8.37,80.32
30,0.485,0.752,0.592,0.376,0.228,0.132,3.31,4.52,0.2,-2.41,3.31,4.52,-2.41,2,100,14.03,100,29.67,100,100,6,1,2,1,grassland,3,wildfire,8.37,80.29
40,0.334,0.768,0.616,0.496,0.184,0.104,3.91,3.91,0.1,0,3.91,3.91,0,1,100,14.87,100,29.08,100,100,6,0,1,3,crop,1,agricultural_burn,8.37,80.43
30,0.463,0.768,0.6,0.4,0.224,0.128,7.23,7.23,0.1,0,7.23,7.23,0,1,100,25.05,100,34.91,100,100,6,0,1,1,grassland,3,wildfire,8.38,80.16
30,0.372,0.8,0.672,0.504,0.208,0.116,4.95,4.95,0.1,0,4.95,4.95,0,1,100,25.98,100,35.44,100,100,6,0,1,1,grassland,3,wildfire,8.38,80.15
10,0.47,0.768,0.616,0.4,0.228,0.128,4.95,4.95,0.1,0,4.95,4.95,0,1,100,25.65,100,35.89,100,100,6,0,1,0,forest,3,wildfire,8.39,80.16
10,0.444,0.768,0.616,0.432,0.224,0.128,12.55,12.55,0.1,0,12.55,12.55,0,1,100,24.75,100,35.39,100,100,6,0,1,0,forest,3,wildfire,8.39,80.17
40,0.3,0.8,0.752,0.552,0.184,0.092,4.51,4.51,0.1,0,4.51,4.51,0,1,100,26.57,100,36.41,100,100,6,0,1,3,crop,1,agricultural_burn,8.39,80.15
10,0.42,0.768,0.6,0.4,0.2,0.112,40.32,40.32,0.1,0,40.32,40.32,0,1,100,14.74,100,26.46,100,100,6,0,1,0,forest,3,wildfire,8.39,80.38
10,0.466,0.784,0.552,0.36,0.212,0.12,2.53,2.53,0.1,0,2.53,2.53,0,1,100,31.33,100,34.59,100,100,6,0,1,0,forest,3,wildfire,8.4,80.6
40,0.406,0.808,0.568,0.376,0.184,0.104,3.64,3.64,0.1,0,3.64,3.64,0,1,100,35.22,100,37.66,100,100,6,0,1,3,crop,1,agricultural_burn,8.4,80.64
10,0.389,0.792,0.648,0.512,0.22,0.12,2.93,2.93,0.1,0,2.93,2.93,0,1,100,100,100,100,100,100,-1,0,1,0,forest,3,wildfire,8.4,81.04
30,0.506,0.76,0.552,0.352,0.232,0.132,7,7,0.1,0,7,7,0,1,100,100,100,100,100,100,6,0,1,1,grassland,3,wildfire,8.43,80.8
40,0.456,0.76,0.552,0.376,0.212,0.12,7,7,0.1,0,7,7,0,1,100,100,100,49.65,100,100,6,0,1,3,crop,1,agricultural_burn,8.44,80.8
10,0.48,0.752,0.536,0.36,0.22,0.124,2.75,2.75,0.1,0,2.75,2.75,0,1,100,35.55,100,33.02,100,100,6,0,1,0,forest,3,wildfire,8.44,80.62
40,0.511,0.792,0.368,0.176,0.176,0.096,7.36,7.36,0.1,0,7.36,7.36,0,1,100,100,100,100,100,100,-1,0,1,3,crop,1,agricultural_burn,8.44,81.08
40,0.439,0.768,0.568,0.32,0.184,0.104,2.18,2.18,0.1,0,2.18,2.18,0,1,100,4.21,100,13.94,100,100,1,0,1,3,crop,1,agricultural_burn,8.45,77.58
40,0.458,0.752,0.544,0.312,0.192,0.112,2.27,2.27,0.1,0,2.27,2.27,0,1,100,28.84,100,23.79,100,100,6,0,1,3,crop,1,agricultural_burn,8.46,80.52
40,0.492,0.792,0.568,0.328,0.216,0.12,7.36,7.36,0.1,0,7.36,7.36,0,1,100,100,100,45.25,100,100,6,0,1,3,crop,1,agricultural_burn,8.47,80.77
40,0.506,0.776,0.512,0.328,0.224,0.132,5.55,5.55,0.1,0,5.55,5.55,0,1,100,100,100,48.9,100,100,6,0,1,3,crop,1,agricultural_burn,8.48,80.81
30,0.506,0.776,0.512,0.328,0.224,0.132,4.89,4.89,0.1,0,4.89,4.89,0,1,100,100,100,47.87,100,100,6,0,1,1,grassland,3,wildfire,8.48,80.8
40,0.492,0.776,0.552,0.376,0.232,0.136,5.26,5.26,0.1,0,5.26,5.26,0,1,100,100,100,49.55,100,100,6,0,1,3,crop,1,agricultural_burn,8.49,80.82
10,0.396,0.792,0.648,0.464,0.208,0.116,3.9,3.9,0.1,0,3.9,3.9,0,1,100,39.79,100,30.58,100,100,6,0,1,0,forest,3,wildfire,8.49,80.63
10,0.365,0.816,0.664,0.48,0.196,0.104,9.54,9.54,0.1,0,9.54,9.54,0,1,100,100,100,49.92,100,100,3,0,1,0,forest,3,wildfire,8.51,80.83
10,0.449,0.76,0.544,0.376,0.208,0.112,3.74,3.74,0.1,0,3.74,3.74,0,1,100,100,100,100,100,100,-1,0,1,0,forest,3,wildfire,8.55,80.87
30,0.559,0.8,0.544,0.336,0.256,0.156,10.09,10.09,0.1,0,10.09,10.09,0,1,100,100,100,40.27,100,100,3,0,1,1,grassland,3,wildfire,8.55,80.75
10,0.398,0.776,0.648,0.448,0.204,0.112,3.18,3.18,0.1,0,3.18,3.18,0,1,100,43.62,100,26.6,100,100,3,0,1,0,forest,3,wildfire,8.55,80.62
40,0.442,0.776,0.608,0.4,0.212,0.116,5.58,5.58,0.1,0,5.58,5.58,0,1,100,45.18,100,27.27,100,100,3,0,1,3,crop,1,agricultural_burn,8.56,80.63
40,0.398,0.776,0.648,0.448,0.204,0.112,7.62,8.58,0.2,1.92,7.62,8.58,1.92,2,100,44.44,100,26.22,100,100,3,1,2,3,crop,1,agricultural_burn,8.56,80.62
30,0.194,0.832,0.784,0.704,0.176,0.08,6.9,6.9,0.1,0,6.9,6.9,0,1,100,100,100,100,100,100,-1,0,1,1,grassland,3,wildfire,8.58,80.98
40,0.324,0.808,0.704,0.536,0.192,0.1,54.47,54.47,0.1,0,54.47,54.47,0,1,100,100,100,38.37,100,100,3,0,1,3,crop,1,agricultural_burn,8.59,80.74
30,0.372,0.792,0.648,0.48,0.2,0.108,19.95,19.95,0.1,0,19.95,19.95,0,1,100,100,100,48.19,100,100,3,0,1,1,grassland,3,wildfire,8.59,80.83
10,0.338,0.792,0.664,0.512,0.192,0.1,8.4,8.4,0.1,0,8.4,8.4,0,1,100,100,100,48.09,100,100,3,0,1,0,forest,3,wildfire,8.6,80.83
10,0.302,0.824,0.704,0.536,0.18,0.092,3.92,3.92,0.1,0,3.92,3.92,0,1,100,100,100,30.47,100,100,3,0,1,0,forest,3,wildfire,8.61,80.67
40,0.523,0.736,0.576,0.432,0.268,0.156,9.72,9.72,0.1,0,9.72,9.72,0,1,100,100,100,100,100,100,-1,0,1,3,crop,1,agricultural_burn,8.62,81.14
30,0.487,0.8,0.512,0.24,0.184,0.1,4.23,4.23,0.1,0,4.23,4.23,0,1,100,100,100,100,100,100,-1,0,1,1,grassland,3,wildfire,8.62,80.98
40,0.461,0.768,0.528,0.344,0.204,0.116,3.42,3.42,0.1,0,3.42,3.42,0,1,100,100,100,100,100,100,-1,0,1,3,crop,1,agricultural_burn,8.62,81
10,0.451,0.76,0.584,0.408,0.22,0.128,4.22,4.22,0.1,0,4.22,4.22,0,1,100,43.58,100,12.86,100,100,3,0,1,0,forest,3,wildfire,8.62,80.51
40,0.463,0.8,0.528,0.304,0.192,0.104,9.27,9.27,0.1,0,9.27,9.27,0,1,100,100,100,100,100,100,-1,0,1,3,crop,1,agricultural_burn,8.63,80.98
40,0.353,0.808,0.656,0.488,0.192,0.1,3.03,3.03,0.1,0,3.03,3.03,0,1,100,100,100,36.93,100,100,3,0,1,3,crop,1,agricultural_burn,8.63,80.73
10,0.377,0.808,0.64,0.472,0.2,0.108,8.18,8.18,0.1,0,8.18,8.18,0,1,100,100,100,36.93,100,100,3,0,1,0,forest,3,wildfire,8.64,80.73
10,0.259,0.824,0.744,0.608,0.18,0.088,5.43,5.43,0.1,0,5.43,5.43,0,1,100,100,100,29.23,100,100,3,0,1,0,forest,3,wildfire,8.64,80.66
10,0.458,0.792,0.576,0.384,0.216,0.128,1.84,1.84,0.1,0,1.84,1.84,0,1,100,100,100,45.75,100,100,3,0,1,0,forest,3,wildfire,8.65,80.81
10,0.43,0.792,0.608,0.408,0.208,0.12,1.84,1.84,0.1,0,1.84,1.84,0,1,100,100,100,46.85,100,100,3,0,1,0,forest,3,wildfire,8.65,80.82
40,0.386,0.8,0.6,0.432,0.192,0.1,8.52,8.52,0.1,0,8.52,8.52,0,1,100,100,100,100,100,100,-1,0,1,3,crop,1,agricultural_burn,8.65,80.99
10,0.461,0.784,0.672,0.44,0.236,0.132,4.07,4.07,0.1,0,4.07,4.07,0,1,100,100,100,100,100,100,-1,0,1,0,forest,3,wildfire,8.66,80.88
10,0.336,0.784,0.704,0.576,0.212,0.108,3.57,3.57,0.1,0,3.57,3.57,0,1,100,100,100,100,100,100,-1,0,1,0,forest,3,wildfire,8.67,80.91
10,0.451,0.776,0.584,0.408,0.22,0.132,1.87,1.87,0.1,0,1.87,1.87,0,1,100,100,100,38.21,100,100,3,0,1,0,forest,3,wildfire,8.67,80.74
10,0.341,0.776,0.672,0.568,0.212,0.108,5.1,5.1,0.1,0,5.1,5.1,0,1,100,100,100,100,100,100,-1,0,1,0,forest,3,wildfire,8.68,80.91
40,0.374,0.792,0.664,0.488,0.204,0.116,9.53,9.53,0.1,0,9.53,9.53,0,1,100,100,100,39.43,100,100,3,0,1,3,crop,1,agricultural_burn,8.68,80.75
40,0.353,0.808,0.704,0.512,0.2,0.108,7.67,10.73,0.2,-6.13,7.67,10.73,-6.13,2,100,100,100,40.52,100,100,3,1,2,3,crop,1,agricultural_burn,8.68,80.76
40,0.526,0.776,0.56,0.344,0.24,0.14,11.1,11.1,0.1,0,11.1,11.1,0,1,100,100,100,8.74,100,100,3,0,1,3,crop,1,agricultural_burn,8.71,80.42
40,0.23,0.808,0.752,0.656,0.18,0.084,3.47,3.47,0.1,0,3.47,3.47,0,1,100,30.94,100,24.41,100,100,3,0,1,3,crop,1,agricultural_burn,8.71,80.18
40,0.23,0.808,0.752,0.656,0.18,0.084,5.83,5.83,0.1,0,5.83,5.83,0,1,100,30.45,100,24.85,100,100,3,0,1,3,crop,1,agricultural_burn,8.72,80.18
20,0.799,0.544,0.232,0.128,0.32,0.252,6.73,6.73,0.1,0,6.73,6.73,0,1,100,3.96,100,5.99,100,100,1,0,1,2,shrubland,0,industrial_fire,8.72,77.91
10,0.547,0.672,0.424,0.248,0.22,0.148,6.5,6.5,0.1,0,6.5,6.5,0,1,100,3.36,100,7.95,100,100,6,0,1,0,forest,0,industrial_fire,8.74,77.76
30,0.334,0.808,0.728,0.568,0.208,0.104,6.61,6.61,0.1,0,6.61,6.61,0,1,100,100,100,100,100,100,-1,0,1,1,grassland,3,wildfire,8.79,81
10,0.396,0.76,0.648,0.464,0.208,0.116,5.75,5.75,0.1,0,5.75,5.75,0,1,100,100,100,25.87,100,100,3,0,1,0,forest,3,wildfire,8.81,80.55
30,0.35,0.776,0.64,0.48,0.188,0.1,24.52,24.52,0.1,0,24.52,24.52,0,1,100,100,100,100,100,100,-1,0,1,1,grassland,3,wildfire,8.81,80.97
10,0.314,0.792,0.696,0.504,0.176,0.092,3.18,3.18,0.1,0,3.18,3.18,0,1,100,48.27,100,19.39,100,100,3,0,1,0,forest,3,wildfire,8.81,80.39
30,0.384,0.728,0.576,0.4,0.18,0.096,12.43,12.43,0.1,0,12.43,12.43,0,1,100,100,100,100,100,100,-1,0,1,1,grassland,3,wildfire,8.81,80.98
10,0.242,0.816,0.768,0.624,0.176,0.088,3.09,3.09,0.1,0,3.09,3.09,0,1,100,100,100,35.21,100,100,3,0,1,0,forest,3,wildfire,8.85,80.63
30,0.29,0.808,0.744,0.544,0.176,0.088,9.01,9.01,0.1,0,9.01,9.01,0,1,100,100,100,100,100,100,-1,0,1,1,grassland,3,wildfire,8.86,80.88
10,0.278,0.832,0.744,0.576,0.18,0.084,5.16,5.16,0.1,0,5.16,5.16,0,1,100,100,100,47.62,100,100,3,0,1,0,forest,3,wildfire,8.88,80.75
40,0.408,0.776,0.544,0.36,0.18,0.104,4.02,4.02,0.1,0,4.02,4.02,0,1,100,27.81,100,34.77,100,100,6,0,1,3,crop,1,agricultural_burn,8.89,80.21
10,0.331,0.808,0.712,0.512,0.188,0.096,5.05,5.05,0.1,0,5.05,5.05,0,1,100,100,100,31.22,100,100,3,0,1,0,forest,3,wildfire,8.9,80.49
10,0.418,0.768,0.608,0.416,0.204,0.116,4.97,7.62,0.2,5.31,4.97,7.62,5.31,2,100,100,100,30.92,100,100,3,1,2,0,forest,3,wildfire,8.91,80.44
10,0.35,0.792,0.656,0.48,0.188,0.096,9.72,18.93,0.2,18.43,9.72,18.93,18.43,2,100,100,100,30.76,100,100,3,1,2,0,forest,3,wildfire,8.91,80.43
10,0.202,0.8,0.752,0.632,0.156,0.072,6.5,6.5,0.1,0,6.5,6.5,0,1,100,47.69,100,38.32,100,100,3,0,1,0,forest,3,wildfire,8.98,80.38
30,0.442,0.776,0.6,0.424,0.22,0.124,4.46,4.46,0.1,0,4.46,4.46,0,1,100,100,100,100,100,100,-1,0,1,1,grassland,3,wildfire,9,80.77
40,0.322,0.784,0.664,0.504,0.18,0.092,4.92,4.92,0.1,0,4.92,4.92,0,1,100,22.66,100,38.01,100,100,6,0,1,3,crop,1,agricultural_burn,9.02,80.11
40,0.607,0.608,0.304,0.136,0.216,0.164,10.62,10.62,0.1,0,10.62,10.62,0,1,100,0.52,100,11.91,100,100,1,0,1,3,crop,0,industrial_fire,9.03,77.87
30,0.197,0.816,0.768,0.616,0.148,0.068,5.85,5.85,0.1,0,5.85,5.85,0,1,100,100,100,38.41,100,100,3,0,1,1,grassland,3,wildfire,9.04,80.45
40,0.775,0.552,0.256,0.144,0.312,0.248,6.5,6.5,0.1,0,6.5,6.5,0,1,100,0.67,100,22.6,100,100,1,0,1,3,crop,0,industrial_fire,9.1,77.6
40,0.665,0.688,0.28,0.136,0.248,0.196,12.25,12.25,0.1,0,12.25,12.25,0,1,100,0.42,100,23.8,100,100,1,0,1,3,crop,0,industrial_fire,9.1,78.18
40,0.509,0.752,0.48,0.288,0.212,0.136,2.63,2.63,0.1,0,2.63,2.63,0,1,100,45.53,100,21.15,100,100,3,0,1,3,crop,1,agricultural_burn,9.14,80.28
30,0.42,0.744,0.6,0.4,0.2,0.116,7.74,7.74,0.1,0,7.74,7.74,0,1,100,100,100,100,100,100,-1,0,1,1,grassland,3,wildfire,9.15,80.68
40,0.353,0.752,0.608,0.44,0.176,0.092,7.29,7.29,0.1,0,7.29,7.29,0,1,100,35.61,100,22.59,100,100,3,0,1,3,crop,1,agricultural_burn,9.17,80.13
40,0.278,0.768,0.712,0.528,0.164,0.08,5.33,5.33,0.1,0,5.33,5.33,0,1,100,40.28,100,16.46,100,100,3,0,1,3,crop,1,agricultural_burn,9.19,80.31
10,0.228,0.816,0.76,0.648,0.176,0.08,3.09,3.09,0.1,0,3.09,3.09,0,1,100,27.68,100,18.97,100,100,3,0,1,0,forest,3,wildfire,9.31,80.43
30,0.612,0.576,0.256,0.176,0.232,0.184,15.33,15.33,0.1,0,15.33,15.33,0,1,100,4.43,100,2.28,100,100,3,0,1,1,grassland,2,mining_activity,9.34,77.68
10,0.372,0.768,0.632,0.48,0.2,0.112,2.3,2.3,0.1,0,2.3,2.3,0,1,11.84,3.39,100,5.84,100,18.27,6,0,1,0,forest,0,industrial_fire,9.34,76.6
40,0.528,0.728,0.44,0.256,0.212,0.14,5.75,5.75,0.1,0,5.75,5.75,0,1,100,22.8,100,20.24,100,100,3,0,1,3,crop,1,agricultural_burn,9.36,80.44
10,0.497,0.744,0.464,0.296,0.208,0.132,6.92,6.92,0.1,0,6.92,6.92,0,1,100,21.26,100,21.79,100,100,1,0,1,0,forest,3,wildfire,9.38,80.45
40,0.598,0.744,0.368,0.152,0.216,0.148,3.01,3.01,0.1,0,3.01,3.01,0,1,100,16.08,100,17.98,100,100,1,0,1,3,crop,1,agricultural_burn,9.41,80.4
30,0.653,0.712,0.328,0.168,0.252,0.188,2.38,2.38,0.1,0,2.38,2.38,0,1,100,19.65,100,24.92,100,100,1,0,1,1,grassland,3,wildfire,9.41,80.47
10,0.317,0.688,0.584,0.488,0.172,0.1,2.32,2.32,0.1,0,2.32,2.32,0,1,100,7.98,100,6.08,100,100,6,0,1,0,forest,3,wildfire,9.43,77.46
10,0.461,0.68,0.504,0.368,0.212,0.128,4.92,4.92,0.1,0,4.92,4.92,0,1,100,1.63,100,13.2,100,100,1,0,1,0,forest,0,industrial_fire,9.66,77.65
30,0.614,0.6,0.456,0.28,0.268,0.188,1.76,1.76,0.1,0,1.76,1.76,0,1,100,0.47,100,8.91,100,100,1,0,1,1,grassland,0,industrial_fire,9.73,77.27
60,0.55,0.744,0.44,0.256,0.224,0.152,5.6,5.6,0.1,0,5.6,5.6,0,1,100,6.23,100,12.57,100,100,6,0,1,4,other,1,agricultural_burn,9.77,78.37
40,0.552,0.728,0.456,0.336,0.252,0.164,2.42,3.64,0.2,2.44,2.42,3.64,2.44,2,100,4.87,100,11.17,100,100,1,1,2,3,crop,1,agricultural_burn,9.79,78.39
10,0.466,0.736,0.632,0.432,0.236,0.14,6.94,6.94,0.1,0,6.94,6.94,0,1,100,9.33,100,17.47,100,100,1,0,1,0,forest,3,wildfire,9.95,77.72
40,0.437,0.744,0.504,0.288,0.172,0.096,4.01,4.01,0.1,0,4.01,4.01,0,1,100,4.41,100,4.21,100,100,3,0,1,3,crop,1,agricultural_burn,10.04,78.15
10,0.583,0.472,0.288,0.176,0.216,0.14,29.4,29.4,0.1,0,29.4,29.4,0,1,100,1.92,100,2.75,100,100,1,0,1,0,forest,0,industrial_fire,10.04,77.58
20,0.566,0.56,0.48,0.384,0.276,0.168,3.9,3.9,0.1,0,3.9,3.9,0,1,100,12.82,100,14.33,100,100,6,0,1,2,shrubland,3,wildfire,10.27,78.85
40,0.533,0.704,0.472,0.296,0.228,0.144,4.79,4.79,0.1,0,4.79,4.79,0,1,100,1.49,100,23.23,100,100,1,0,1,3,crop,0,industrial_fire,10.29,77.86
20,0.578,0.672,0.472,0.28,0.248,0.168,2.22,2.22,0.1,0,2.22,2.22,0,1,100,5.05,100,6.32,100,100,6,0,1,2,shrubland,3,wildfire,10.66,78.48
40,0.61,0.64,0.408,0.216,0.244,0.16,3.35,3.35,0.1,0,3.35,3.35,0,1,100,4.38,100,7.91,100,100,6,0,1,3,crop,1,agricultural_burn,10.74,78.73
10,0.533,0.624,0.472,0.296,0.228,0.14,3.55,3.55,0.1,0,3.55,3.55,0,1,100,1.29,100,15.2,100,100,1,0,1,0,forest,0,industrial_fire,10.76,78.65
20,0.514,0.64,0.488,0.328,0.228,0.14,5.89,5.89,0.1,0,5.89,5.89,0,1,100,1.69,100,15.89,100,100,1,0,1,2,shrubland,0,industrial_fire,10.77,78.65
40,0.509,0.688,0.464,0.24,0.196,0.12,3.38,3.38,0.1,0,3.38,3.38,0,1,100,8.37,100,8.57,100,100,6,0,1,3,crop,1,agricultural_burn,10.85,78.79
30,0.583,0.64,0.52,0.392,0.288,0.192,2.29,2.29,0.1,0,2.29,2.29,0,1,100,4.69,100,6.43,100,100,6,0,1,1,grassland,3,wildfire,11.19,76.92
10,0.535,0.648,0.448,0.28,0.224,0.148,4.75,4.75,0.1,0,4.75,4.75,0,1,100,7.02,100,3.31,100,100,3,0,1,0,forest,2,mining_activity,11.46,79.21
20,0.547,0.616,0.4,0.248,0.22,0.144,3.95,3.95,0.1,0,3.95,3.95,0,1,100,6.75,100,4.09,100,100,3,0,1,2,shrubland,3,wildfire,11.46,79.24
40,0.554,0.688,0.52,0.32,0.248,0.156,3.2,3.2,0.1,0,3.2,3.2,0,1,100,1.05,100,32.61,100,100,1,0,1,3,crop,0,industrial_fire,11.47,77.2
10,0.511,0.696,0.536,0.296,0.216,0.14,2.1,2.1,0.1,0,2.1,2.1,0,1,100,6.25,100,13.74,100,100,6,0,1,0,forest,3,wildfire,11.63,78.61
40,0.485,0.712,0.496,0.28,0.196,0.116,1.34,1.34,0.1,0,1.34,1.34,0,1,100,6.61,100,2.81,100,100,3,0,1,3,crop,2,mining_activity,11.71,79.01
10,0.432,0.8,0.68,0.44,0.22,0.12,4.91,4.91,0.1,0,4.91,4.91,0,1,100,6,100,100,100,100,1,0,1,0,forest,3,wildfire,11.89,77.23
80,0.516,0.712,0.56,0.312,0.224,0.136,1.84,1.84,0.1,0,1.84,1.84,0,1,100,11.23,100,28.35,100,100,1,0,1,4,other,,unknown,12.05,79.33
10,0.506,0.608,0.472,0.304,0.216,0.14,3.57,3.57,0.1,0,3.57,3.57,0,1,100,2.14,100,10.41,100,100,6,0,1,0,forest,0,industrial_fire,12.24,79.08
20,0.605,0.712,0.448,0.248,0.252,0.168,26.13,26.13,0.1,0,26.13,26.13,0,1,100,7.14,100,12.18,100,100,1,0,1,2,shrubland,3,wildfire,12.35,79.23
40,0.569,0.648,0.456,0.272,0.24,0.148,4.96,4.96,0.1,0,4.96,4.96,0,1,100,4.6,100,14.88,100,100,1,0,1,3,crop,1,agricultural_burn,12.41,79.98
40,0.545,0.632,0.36,0.168,0.192,0.108,2.51,2.51,0.1,0,2.51,2.51,0,1,100,3.3,100,4.12,100,100,6,0,1,3,crop,0,industrial_fire,12.91,79.43
10,0.576,0.688,0.504,0.296,0.252,0.16,4.33,4.33,0.1,0,4.33,4.33,0,1,39.8,1.08,100,19.28,100,31.26,1,0,1,0,forest,0,industrial_fire,13.12,79.91
40,0.696,0.632,0.464,0.24,0.3,0.2,1.78,1.78,0.1,0,1.78,1.78,0,1,100,7.33,100,32.65,100,100,1,0,1,3,crop,1,agricultural_burn,13.59,78.22
20,0.713,0.52,0.32,0.176,0.288,0.2,5.55,5.55,0.1,0,5.55,5.55,0,1,100,1.52,100,13.54,100,100,1,0,1,2,shrubland,0,industrial_fire,14.35,77.21
40,0.713,0.336,0.216,0.152,0.28,0.212,2.53,2.53,0.1,0,2.53,2.53,0,1,100,2.43,100,4.35,100,100,6,0,1,3,crop,0,industrial_fire,14.47,78.26
40,0.641,0.504,0.232,0.128,0.232,0.176,1.97,1.97,0.1,0,1.97,1.97,0,1,100,2.47,100,11.15,100,100,6,0,1,3,crop,0,industrial_fire,17.77,75.84
40,0.559,0.584,0.352,0.192,0.208,0.148,3.37,3.37,0.1,0,3.37,3.37,0,1,100,9.14,100,38.2,100,100,1,0,1,3,crop,1,agricultural_burn,17.97,75.49
10,0.478,0.408,0.248,0.136,0.144,0.104,6.04,9.17,0.6,3.76,3.52,5.37,3.71,6,1.95,1.66,100,100,100,100,6,2,6,0,forest,0,industrial_fire,21.1,72.64
40,0.818,0.352,0.2,0.136,0.376,0.308,2.74,2.74,0.1,0,2.74,2.74,0,1,100,20.55,100,35.15,100,100,1,0,1,3,crop,1,agricultural_burn,25.59,72.63
60,0.852,0.208,0.104,0.08,0.388,0.368,4.51,4.51,0.1,0,4.51,4.51,0,1,100,6.71,100,100,100,100,1,0,1,4,other,1,agricultural_burn,26.86,72.11
20,0.734,0.288,0.184,0.128,0.284,0.24,16.14,16.14,0.1,0,16.14,16.14,0,1,100,100,100,100,100,100,-1,0,1,2,shrubland,3,wildfire,27.71,68.49
50,0.658,0.144,0.104,0.064,0.22,0.168,1.95,3.55,0.4,2.14,1.25,1.67,-0.84,4,100,0.26,100,23.06,100,100,1,2,4,4,other,0,industrial_fire,28.43,69.7
40,0.751,0.664,0.176,0.088,0.28,0.236,2.44,2.44,0.1,0,2.44,2.44,0,1,100,18.87,100,100,100,100,1,0,1,3,crop,1,agricultural_burn,29.27,70.63
40,0.595,0.704,0.392,0.168,0.22,0.16,3.68,3.68,0.1,0,3.68,3.68,0,1,100,16.17,100,100,100,100,6,0,1,3,crop,1,agricultural_burn,29.77,72.4
40,0.6,0.68,0.392,0.16,0.22,0.148,4.08,4.08,0.1,0,4.08,4.08,0,1,100,3.6,100,100,100,100,1,0,1,3,crop,0,industrial_fire,31.38,74.45
40,0.59,0.744,0.432,0.152,0.212,0.14,1.49,1.49,0.1,0,1.49,1.49,0,1,100,5.95,100,48.02,100,100,1,0,1,3,crop,1,agricultural_burn,31.41,74.55
10,0.576,0.672,0.4,0.176,0.212,0.144,4.92,4.92,0.1,0,4.92,4.92,0,1,100,6.36,100,100,100,100,1,0,1,0,forest,3,wildfire,31.46,72.14
40,0.588,0.624,0.336,0.144,0.208,0.144,11.41,11.41,0.1,0,11.41,11.41,0,1,100,5.28,100,100,100,100,1,0,1,3,crop,1,agricultural_burn,31.47,72.13
30,0.617,0.32,0.2,0.12,0.216,0.18,3.85,3.85,0.1,0,3.85,3.85,0,1,100,0.62,100,100,100,100,1,0,1,1,grassland,0,industrial_fire,31.47,74.23
40,0.562,0.712,0.384,0.152,0.196,0.136,3.75,3.75,0.1,0,3.75,3.75,0,1,100,9.74,100,100,100,100,6,0,1,3,crop,1,agricultural_burn,31.8,73.73
30,0.845,0.112,0.08,0.064,0.324,0.276,1.13,1.13,0.1,0,1.13,1.13,0,1,100,0.88,100,47.54,100,100,6,0,1,1,grassland,0,industrial_fire,29.23,88.35
60,0.686,0.184,0.096,0.064,0.236,0.2,1.07,1.07,0.1,0,1.07,1.07,0,1,100,0.74,100,7.97,100,100,1,0,1,4,other,0,industrial_fire,29.27,91.92
60,0.689,0.192,0.112,0.072,0.24,0.208,1.25,1.25,0.1,0,1.25,1.25,0,1,100,22.87,100,21.16,100,100,3,0,1,4,other,1,agricultural_burn,29.66,90.91
60,0.766,0.488,0.2,0.136,0.304,0.248,1.45,1.45,0.1,0,1.45,1.45,0,1,100,100,100,100,100,100,6,0,1,4,other,1,agricultural_burn,29.79,91.6
10,0.526,0.76,0.592,0.368,0.248,0.152,2.82,2.82,0.1,0,2.82,2.82,0,1,100,100,100,100,100,100,-1,0,1,0,forest,3,wildfire,6.58,81.11
10,0.305,0.808,0.744,0.592,0.2,0.112,1.76,1.76,0.1,0,1.76,1.76,0,1,100,100,100,100,100,100,-1,0,1,0,forest,3,wildfire,6.84,80.89
10,0.319,0.808,0.728,0.592,0.208,0.112,4.01,4.01,0.1,0,4.01,4.01,0,1,100,100,100,100,100,100,-1,0,1,0,forest,3,wildfire,6.85,80.9
20,0.698,0.232,0.136,0.104,0.256,0.22,1.27,2.09,0.4,1.09,0.9,0.93,-0.07,4,100,100,100,100,100,100,-1,2,4,2,shrubland,3,wildfire,33.3,71.18
50,0.857,0.184,0.12,0.072,0.38,0.344,1.3,2.51,0.7,-0.35,1.16,1.55,-0.78,7,2.01,2.71,100,25.88,100,100,0,2,7,4,other,0,industrial_fire,25.94,72.19
40,0.804,0.464,0.232,0.16,0.364,0.316,1.08,1.08,0.1,0,1.08,1.08,0,1,100,4.77,100,4.62,100,100,3,0,1,3,crop,1,agricultural_burn,26.26,74.1
40,0.818,0.408,0.2,0.136,0.376,0.316,0.89,0.89,0.1,0,0.89,0.89,0,1,100,0.88,100,6.48,100,100,6,0,1,3,crop,0,industrial_fire,26.6,73.68
40,0.847,0.248,0.128,0.088,0.396,0.344,1.52,1.52,0.1,0,1.52,1.52,0,1,100,3.24,100,0.37,100,100,3,0,1,3,crop,0,industrial_fire,26.88,73.52
40,0.847,0.408,0.144,0.088,0.38,0.356,1.08,1.08,0.1,0,1.08,1.08,0,1,100,6.88,100,30.31,100,100,1,0,1,3,crop,1,agricultural_burn,27.29,73.84
60,0.804,0.08,0.056,0,0.28,0.236,0.25,0.25,0.1,0,0.25,0.25,0,1,100,100,100,100,100,100,-1,0,1,4,other,1,agricultural_burn,27.72,68.5
40,0.641,0.456,0.256,0.128,0.232,0.184,2.93,3.28,0.2,-0.69,2.93,3.28,-0.69,2,100,4.1,100,5.09,100,100,6,1,2,3,crop,1,agricultural_burn,28.35,77.26
60,0.658,0.64,0.336,0.16,0.252,0.188,2.65,2.65,0.1,0,2.65,2.65,0,1,100,2.91,100,1.7,100,100,6,0,1,4,other,0,industrial_fire,28.37,77.23
40,0.631,0.664,0.376,0.192,0.248,0.18,2.22,2.22,0.1,0,2.22,2.22,0,1,100,3.59,100,1.63,100,100,6,0,1,3,crop,0,industrial_fire,28.37,77.22
10,0.67,0.088,0.064,0.032,0.216,0.16,2.45,4.54,0.4,-1.09,2.92,4.54,3.25,4,100,0.51,100,24.16,100,100,1,2,4,0,forest,0,industrial_fire,28.42,69.7
60,0.605,0.304,0.176,0.08,0.196,0.14,4.18,5.21,0.4,-1.41,4.19,4.73,1.08,4,1.66,1.63,100,100,100,100,6,2,4,4,other,0,industrial_fire,29.46,76.89
50,0.713,0.264,0.168,0.08,0.256,0.228,2.35,2.35,0.1,0,2.35,2.35,0,1,100,1.82,100,100,100,100,1,0,1,4,other,0,industrial_fire,30.19,74.49
50,0.576,0.76,0.416,0.104,0.188,0.128,1.01,1.01,0.1,0,1.01,1.01,0,1,36.23,0.16,100,100,100,100,1,0,1,4,other,0,industrial_fire,30.25,74.91
50,0.583,0.296,0.16,0.056,0.176,0.148,0.74,0.74,0.1,0,0.74,0.74,0,1,100,0.46,100,100,100,100,1,0,1,4,other,0,industrial_fire,31.61,74.39
40,0.583,0.544,0.264,0.08,0.184,0.136,0.87,0.87,0.1,0,0.87,0.87,0,1,100,0.63,100,100,100,100,1,0,1,3,crop,0,industrial_fire,31.64,74.15
50,0.859,0.096,0.064,0.04,0.324,0.312,2.21,2.95,0.5,0.67,2.05,2.11,0.11,5,100,100,100,100,100,100,-1,2,5,4,other,,unknown,32.29,70.73
20,0.727,0.248,0.184,0.128,0.28,0.244,3.45,4.69,0.4,-1.22,4.24,4.69,-0.91,4,100,0.5,100,0.78,100,100,1,2,4,2,shrubland,0,industrial_fire,32.58,72.56
60,0.838,0.176,0.128,0.088,0.328,0.28,3.72,4.33,0.8,-0.61,3.45,4.21,1.52,8,100,47.19,100,100,100,100,1,2,8,4,other,1,agricultural_burn,32.89,71.62
-1,-1,-1,-1,-1,-1,-1,2.7,2.7,0.1,0,2.7,2.7,0,1,100,100,100,100,100,100,-1,0,1,4,other,,unknown,19.37,71.35
-1,-1,-1,-1,-1,-1,-1,1.88,1.88,0.1,0,1.88,1.88,0,1,100,100,100,100,100,100,-1,0,1,4,other,,unknown,19.53,71.3
50,0.665,0.456,0.28,0.16,0.256,0.2,1.05,1.31,0.3,0.4,0.92,1.26,0.69,3,100,0.33,100,4.05,100,100,6,1,3,4,other,0,industrial_fire,20.91,71.46
10,0.487,0.408,0.216,0.12,0.144,0.1,3.22,5.36,0.3,-0.88,3.51,5.36,3.7,3,0.93,1.93,100,100,100,100,6,1,3,0,forest,0,industrial_fire,21.1,72.63
50,0.504,0.128,0.072,0.032,0.124,0.112,4.92,11.92,0.5,-4.07,4.63,6.03,2.81,5,3.28,0.19,100,100,100,100,1,2,5,4,other,0,industrial_fire,21.11,72.65
40,0.679,0.424,0.216,0.136,0.256,0.204,3.09,3.76,0.3,0.37,2.97,3.76,1.58,3,100,0.3,100,15.81,100,100,1,1,3,3,crop,0,industrial_fire,22.93,69.7
40,0.703,0.48,0.264,0.12,0.264,0.208,1.26,1.26,0.1,0,1.26,1.26,0,1,100,1.53,100,3.49,100,100,6,0,1,3,crop,0,industrial_fire,23.27,70.26
30,0.65,0.608,0.416,0.232,0.272,0.196,0.81,0.81,0.1,0,0.81,0.81,0,1,100,0.68,100,6.46,100,100,6,0,1,1,grassland,0,industrial_fire,24.66,73.88
50,0.629,0.52,0.32,0.184,0.244,0.184,0.9,1.11,0.2,0.43,0.9,1.11,0.43,2,100,0.61,100,1.74,100,100,6,1,2,4,other,0,industrial_fire,24.69,73
50,0.684,0.544,0.296,0.152,0.264,0.204,0.54,0.54,0.1,0,0.54,0.54,0,1,15.19,0.94,100,1.42,100,100,6,0,1,4,other,0,industrial_fire,24.69,74.68
10,0.67,0.496,0.288,0.152,0.256,0.196,1.04,1.04,0.1,0,1.04,1.04,0,1,6.96,0.6,100,1.69,100,100,6,0,1,0,forest,0,industrial_fire,24.76,74.61
40,0.538,0.648,0.448,0.24,0.212,0.14,2.08,2.55,0.3,0.7,1.85,1.93,-0.16,3,100,44.44,100,100,100,100,1,1,3,3,crop,1,agricultural_burn,25.39,68.58
40,0.466,0.568,0.352,0.224,-1,-1,1.48,2.46,0.3,0.01,1.48,2.46,-1.97,3,100,0.59,100,4.88,100,100,1,1,3,3,crop,0,industrial_fire,11.18,79.1
10,0.605,0.608,0.464,0.296,0.268,0.188,0.23,0.23,0.1,0,0.23,0.23,0,1,46.85,4.34,100,13.11,100,100,1,0,1,0,forest,3,wildfire,11.28,77.88
40,0.708,0.488,0.32,0.208,0.296,0.22,2.26,2.26,0.1,0,2.26,2.26,0,1,100,2.99,100,0.74,100,100,6,0,1,3,crop,0,industrial_fire,13.12,77.65
-1,0,-1,-1,-1,-1,-1,4.6,4.86,0.2,-0.53,4.6,4.86,-0.53,2,100,100,100,100,100,100,-1,1,2,4,other,,unknown,18.58,72.24
10,0.264,0.856,0.784,0.624,0.188,0.092,2.17,2.17,0.1,0,2.17,2.17,0,1,100,100,100,100,100,100,-1,0,1,0,forest,3,wildfire,7.4,80.89
10,0.42,0.792,0.656,0.52,0.24,0.132,1.72,1.72,0.1,0,1.72,1.72,0,1,100,100,100,100,100,100,6,0,1,0,forest,3,wildfire,8.09,80.79
40,0.473,0.752,0.624,0.408,0.232,0.132,1.28,1.28,0.1,0,1.28,1.28,0,1,100,8.81,100,42.74,100,100,1,0,1,3,crop,1,agricultural_burn,8.12,79.87
30,0.768,0.536,0.312,0.192,0.324,0.236,1,1,0.1,0,1,1,0,1,100,3.02,100,17.09,100,100,1,0,1,1,grassland,0,industrial_fire,9.13,77.54